"word","freq"
"to",2242
"you",2151
"the",1330
"and",979
"in",902
"is",889
"me",802
"my",762
"for",704
"your",680
"it",646
"of",622
"call",606
"have",575
"on",537
"that",526
"now",503
"are",493
"im",477
"so",461
"but",441
"not",438
"or",426
"can",409
"do",409
"at",404
"get",396
"will",385
"be",384
"if",384
"with",381
"ur",381
"no",374
"just",371
"we",364
"this",341
"its",323
"lt",316
"up",308
"when",295
"ok",292
"free",288
"go",285
"from",285
"dont",281
"how",280
"all",274
"out",274
"what",264
"know",261
"like",245
"good",245
"then",243
"am",242
"got",238
"was",231
"come",230
"day",226
"time",220
"only",219
"ill",209
"love",208
"there",202
"send",199
"he",196
"text",195
"want",195
"txt",183
"as",181
"one",174
"going",173
"by",173
"need",168
"home",167
"about",166
"lor",162
"stop",161
"sorry",160
"still",157
"see",157
"back",153
"today",153
"da",151
"reply",148
"our",145
"mobile",144
"she",143
"take",139
"tell",139
"well",139
"new",136
"later",135
"her",134
"pls",134
"any",134
"please",133
"hi",133
"think",132
"been",130
"some",127
"they",127
"cant",126
"phone",126
"dear",125
"here",123
"week",122
"did",121
"has",117
"great",115
"an",115
"night",115
"much",114
"claim",113
"hope",113
"msg",111
"who",111
"him",111
"oh",110
"where",110
"more",109
"too",109
"happy",106
"hey",105
"had",104
"yes",103
"way",103
"make",102
"give",101
"www",100
"work",100
"wat",99
"thats",98
"number",97
"message",96
"should",96
"prize",93
"tomorrow",93
"say",92
"right",92
"already",91
"after",90
"ask",89
"cash",88
"doing",88
"said",88
"yeah",87
"really",86
"amp",86
"were",84
"why",84
"win",83
"meet",83
"find",82
"them",82
"very",80
"didnt",79
"babe",79
"life",79
"thanks",78
"last",78
"morning",77
"would",76
"cos",76
"miss",75
"ive",74
"lol",74
"nokia",74
"also",74
"won",73
"com",73
"let",73
"anything",73
"every",73
"sure",71
"pick",71
"care",71
"over",70
"min",70
"sent",70
"urgent",69
"something",68
"contact",68
"keep",68
"us",67
"again",67
"buy",67
"wait",66
"before",66
"first",65
"uk",63
"thing",63
"cs",62
"even",62
"help",62
"next",62
"feel",62
"nice",62
"went",62
"box",62
"around",61
"soon",61
"his",61
"which",61
"someone",61
"could",60
"place",60
"money",60
"service",60
"off",60
"tone",60
"per",59
"tonight",59
"late",59
"chat",59
"mins",59
"many",59
"friends",58
"customer",58
"gonna",58
"ya",58
"always",57
"sms",57
"sleep",57
"leave",57
"wan",57
"down",56
"dun",55
"pm",55
"gud",55
"other",55
"st",54
"wont",54
"name",54
"things",54
"told",54
"wish",54
"co",53
"waiting",53
"youre",53
"fine",51
"special",51
"haha",51
"coming",51
"may",50
"done",50
"year",50
"same",50
"guaranteed",50
"yet",50
"people",50
"thk",50
"days",49
"use",49
"try",49
"getting",49
"best",49
"ppm",49
"friend",49
"heart",49
"thought",47
"holiday",47
"th",47
"stuff",46
"lunch",46
"live",46
"man",46
"havent",46
"talk",45
"hello",45
"class",45
"smile",45
"hows",44
"draw",44
"few",44
"being",43
"yup",43
"trying",43
"bit",43
"never",43
"meeting",43
"job",43
"ll",43
"better",43
"house",43
"person",43
"line",43
"pobox",42
"finish",42
"end",42
"gt",42
"cool",42
"long",42
"ready",42
"having",42
"cost",41
"car",41
"mind",41
"half",40
"real",40
"latest",39
"play",39
"check",39
"yo",39
"wk",39
"account",39
"whats",39
"dat",39
"than",39
"chance",39
"god",39
"lar",38
"receive",38
"word",38
"camera",38
"eat",38
"awarded",38
"wanna",38
"nothing",38
"guess",38
"lot",38
"sir",38
"guys",38
"problem",38
"enjoy",38
"world",37
"another",37
"because",37
"liao",37
"big",37
"dinner",36
"month",36
"birthday",36
"shows",36
"girl",36
"bt",36
"start",36
"into",36
"id",35
"ah",35
"hrs",35
"luv",35
"jus",35
"po",35
"might",35
"shit",35
"ever",35
"quite",35
"watching",34
"room",34
"landline",34
"offer",34
"video",34
"early",33
"nd",33
"sweet",33
"calls",33
"once",33
"pa",33
"bed",33
"aight",33
"tv",33
"called",33
"thanx",33
"watch",33
"probably",33
"apply",32
"rate",32
"fun",32
"speak",32
"remember",32
"does",32
"ringtone",32
"maybe",32
"hes",32
"hear",32
"forgot",32
"boy",32
"nite",32
"plan",32
"shall",32
"two",32
"minutes",32
"sat",32
"actually",32
"den",32
"bad",32
"princess",32
"xxx",31
"code",31
"pay",31
"left",31
"look",31
"weekend",31
"part",31
"between",31
"easy",31
"reach",31
"shopping",31
"baby",31
"dunno",31
"orange",31
"office",31
"kiss",31
"bus",30
"dis",30
"award",30
"age",30
"little",30
"leh",30
"face",30
"hour",30
"tones",30
"network",29
"selected",29
"enough",29
"thank",29
"theres",29
"xx",29
"looking",29
"anyway",29
"those",29
"working",29
"true",29
"made",29
"put",29
"wife",29
"entry",28
"most",28
"re",28
"afternoon",28
"todays",28
"without",28
"missing",28
"years",28
"xmas",28
"tmr",28
"evening",28
"collect",28
"everything",28
"asked",28
"gift",28
"texts",28
"while",28
"fuck",28
"dad",28
"town",28
"until",27
"wif",27
"though",27
"times",27
"since",27
"came",27
"okay",27
"says",27
"must",27
"school",27
"join",27
"mail",27
"sexy",27
"details",27
"goes",26
"valid",26
"update",26
"wanted",26
"missed",26
"pain",26
"don",26
"means",26
"abt",26
"price",26
"til",26
"able",26
"hav",26
"important",26
"wake",26
"wot",26
"bring",26
"collection",26
"messages",25
"mob",25
"show",25
"juz",25
"decimal",25
"plz",25
"de",25
"away",25
"plus",25
"doesnt",24
"till",24
"saw",24
"yesterday",24
"yours",24
"hair",24
"else",24
"worry",24
"music",24
"lets",24
"weekly",24
"attempt",24
"guy",24
"colour",23
"net",23
"words",23
"alright",23
"double",23
"run",23
"making",23
"food",23
"haf",23
"oso",23
"shop",23
"optout",23
"book",23
"dude",23
"stay",23
"bored",23
"online",23
"makes",23
"goin",23
"lei",23
"question",22
"hours",22
"national",22
"ard",22
"delivery",22
"tried",22
"yourself",22
"wen",22
"driving",22
"test",22
"address",22
"top",22
"coz",22
"gr",22
"hot",22
"club",22
"change",22
"feeling",22
"either",22
"these",22
"sch",22
"family",22
"date",21
"bonus",21
"trip",21
"comes",21
"movie",21
"busy",21
"order",21
"believe",21
"both",21
"vouchers",21
"wid",21
"full",21
"hurt",21
"calling",21
"tot",21
"beautiful",21
"sae",21
"lose",21
"game",21
"together",21
"wants",21
"sad",21
"brother",20
"set",20
"info",20
"smiling",20
"mean",20
"old",20
"points",20
"answer",20
"leaving",20
"story",20
"sleeping",20
"noe",20
"happen",20
"ring",20
"charge",20
"games",20
"chikku",20
"huh",20
"poly",20
"eve",20
"saying",20
"await",20
"dreams",20
"weeks",19
"hl",19
"pounds",19
"httpurl",19
"news",19
"aft",19
"tomo",19
"congrats",19
"took",19
"finished",19
"started",19
"private",19
"awesome",19
"minute",19
"okie",19
"mths",19
"post",19
"row",19
"suite",19
"head",19
"simple",19
"pics",19
"ts",19
"email",19
"rite",19
"drive",19
"shes",19
"pic",19
"available",18
"final",18
"tho",18
"forget",18
"second",18
"close",18
"cause",18
"msgs",18
"services",18
"taking",18
"everyone",18
"walk",18
"wil",18
"angry",18
"unsubscribe",18
"friendship",18
"land",18
"gd",18
"thinking",18
"neva",18
"pub",18
"drop",18
"auction",18
"lesson",17
"lucky",17
"search",17
"isnt",17
"expires",17
"statement",17
"open",17
"lots",17
"parents",17
"each",17
"smoke",17
"worth",17
"sis",17
"touch",17
"found",17
"break",17
"sounds",17
"company",17
"choose",17
"card",17
"sister",17
"drink",17
"dating",17
"opt",17
"mine",17
"whatever",17
"voucher",17
"sun",17
"knw",17
"anyone",17
"loving",17
"treat",16
"winner",16
"months",16
"ha",16
"smth",16
"decided",16
"saturday",16
"girls",16
"prob",16
"gone",16
"happened",16
"identifier",16
"nt",16
"yr",16
"type",16
"ltd",16
"hard",16
"frnd",16
"needs",16
"carlos",16
"boytoy",16
"college",16
"rs",16
"gbp",16
"takes",16
"anytime",16
"far",16
"lands",16
"mobileupd",16
"kind",16
"visit",16
"fast",16
"mum",16
"alone",16
"wonderful",15
"camcorder",15
"used",15
"hit",15
"operator",15
"friday",15
"player",15
"quiz",15
"hand",15
"content",15
"wit",15
"youve",15
"finally",15
"darlin",15
"oredi",15
"secret",15
"tel",15
"congratulations",15
"light",15
"read",15
"bout",15
"fucking",15
"nope",15
"outside",15
"fri",15
"pretty",15
"sea",15
"lovely",15
"mates",15
"wrong",15
"least",15
"chennai",15
"crazy",14
"wkly",14
"freemsg",14
"sunday",14
"wq",14
"hungry",14
"seeing",14
"telling",14
"whole",14
"bday",14
"hmm",14
"mu",14
"youll",14
"ni",14
"their",14
"fancy",14
"bank",14
"log",14
"course",14
"goodmorning",14
"tc",14
"thinks",14
"case",14
"meant",14
"hold",14
"unlimited",14
"blue",14
"fone",14
"project",14
"reason",14
"phones",14
"ten",14
"welcome",14
"cum",14
"frm",14
"offers",14
"savamob",14
"listen",14
"snow",14
"mate",14
"earlier",14
"party",14
"point",13
"press",13
"valued",13
"mobiles",13
"credit",13
"eh",13
"almost",13
"etc",13
"cut",13
"hee",13
"download",13
"mah",13
"felt",13
"invited",13
"caller",13
"numbers",13
"tired",13
"hmmm",13
"mr",13
"balance",13
"march",13
"side",13
"fr",13
"dnt",13
"stupid",13
"bslvyl",13
"die",13
"lost",13
"christmas",13
"reading",13
"txts",13
"ago",13
"currently",13
"motorola",13
"talking",13
"couple",13
"ass",13
"india",13
"sk",13
"park",13
"within",13
"un",13
"yar",13
"happiness",13
"area",13
"sex",13
"mayb",13
"wats",13
"understand",13
"yrs",13
"support",13
"na",13
"luck",13
"enter",13
"john",13
"gas",13
"wasnt",13
"father",13
"comp",12
"charged",12
"confirm",12
"ac",12
"correct",12
"red",12
"pass",12
"frnds",12
"complimentary",12
"gotta",12
"computer",12
"mom",12
"askd",12
"uncle",12
"sending",12
"direct",12
"hell",12
"mrng",12
"semester",12
"reveal",12
"laptop",12
"questions",12
"swing",12
"ends",12
"via",12
"ish",12
"met",12
"seen",12
"rental",12
"supposed",12
"nyt",12
"terms",12
"ipod",12
"redeemed",12
"max",12
"through",12
"gym",12
"darren",12
"sound",12
"xy",12
"ans",12
"picking",12
"ugh",12
"extra",12
"knew",12
"heard",12
"information",12
"surprise",12
"grins",12
"gal",12
"difficult",12
"std",11
"reward",11
"wap",11
"eg",11
"comin",11
"abiola",11
"crave",11
"gets",11
"wow",11
"move",11
"checking",11
"rply",11
"loads",11
"shower",11
"entered",11
"match",11
"dogging",11
"txting",11
"lovable",11
"wine",11
"dream",11
"safe",11
"muz",11
"bath",11
"orchard",11
"kate",11
"exam",11
"bcoz",11
"own",11
"wana",11
"hmv",11
"somebody",11
"rest",11
"plans",11
"small",11
"jay",11
"ex",11
"hg",11
"discount",11
"slow",11
"rock",11
"asking",11
"remove",11
"monday",11
"blood",11
"clean",11
"paper",11
"store",11
"wonder",11
"whenever",11
"sort",11
"asap",11
"feels",11
"truth",11
"loved",11
"slowly",11
"gn",11
"police",11
"la",10
"nah",10
"usf",10
"callertune",10
"link",10
"england",10
"knows",10
"myself",10
"worried",10
"oops",10
"hospital",10
"reached",10
"song",10
"save",10
"tickets",10
"il",10
"representative",10
"gave",10
"weekends",10
"rates",10
"del",10
"sony",10
"uks",10
"pray",10
"spend",10
"ones",10
"wed",10
"bathe",10
"bill",10
"study",10
"admirer",10
"deep",10
"leaves",10
"usual",10
"ge",10
"tonite",10
"somewhere",10
"normal",10
"merry",10
"immediately",10
"custcare",10
"figure",10
"rakhesh",10
"moment",10
"woke",10
"mm",10
"yep",10
"voice",10
"ldn",10
"wc",10
"booked",10
"ure",10
"different",10
"water",10
"less",10
"sub",10
"hoping",10
"across",10
"warm",10
"cheap",10
"kids",10
"em",10
"drugs",10
"laugh",10
"fantastic",10
"sell",10
"glad",10
"wishing",10
"getzed",10
"gettin",10
"poor",10
"otherwise",10
"cr",10
"ntt",10
"rd",10
"convey",10
"whos",10
"film",10
"ringtones",10
"write",10
"fact",10
"doin",10
"empty",10
"cup",9
"copy",9
"promise",9
"seriously",9
"sick",9
"catch",9
"moms",9
"decide",9
"ice",9
"bx",9
"ip",9
"situation",9
"forever",9
"short",9
"rain",9
"men",9
"boss",9
"specially",9
"ending",9
"buying",9
"sunshine",9
"lazy",9
"lect",9
"completely",9
"staying",9
"especially",9
"studying",9
"trust",9
"using",9
"deal",9
"itself",9
"dead",9
"mrt",9
"lessons",9
"street",9
"goodnight",9
"cd",9
"ldew",9
"lover",9
"disturb",9
"credits",9
"worries",9
"unless",9
"accept",9
"pete",9
"access",9
"valentines",9
"urself",9
"weed",9
"bluetooth",9
"brings",9
"al",9
"starts",9
"kinda",9
"loan",9
"meh",9
"near",9
"rent",9
"silent",9
"children",9
"pound",9
"train",9
"noon",9
"forwarded",9
"pc",9
"starting",9
"ho",9
"bold",9
"seems",9
"eyes",9
"possible",9
"summer",9
"norm",9
"aint",9
"comuk",9
"charity",9
"tampa",9
"user",9
"against",9
"hiya",9
"digital",9
"doctor",9
"nobody",9
"mon",9
"mode",9
"others",9
"wondering",9
"bb",9
"frens",9
"tht",9
"reaching",9
"moral",9
"excellent",9
"gods",9
"hw",9
"joys",9
"thinkin",9
"sitting",9
"flag",9
"colleagues",9
"sofa",9
"request",8
"entitled",8
"anymore",8
"mark",8
"pizza",8
"quick",8
"replying",8
"youd",8
"nigeria",8
"cinema",8
"stand",8
"spent",8
"hurts",8
"loves",8
"trouble",8
"planning",8
"ave",8
"umma",8
"wishes",8
"weight",8
"apartment",8
"inc",8
"paying",8
"bak",8
"dvd",8
"sp",8
"goto",8
"experience",8
"wheres",8
"freephone",8
"joined",8
"however",8
"slept",8
"sign",8
"road",8
"kick",8
"ppmx",8
"lemme",8
"rose",8
"coffee",8
"cake",8
"fixed",8
"rcvd",8
"wiv",8
"interested",8
"round",8
"fault",8
"reference",8
"mistake",8
"facebook",8
"none",8
"fullonsms",8
"yahoo",8
"aha",8
"funny",8
"giving",8
"din",8
"thru",8
"style",8
"wx",8
"opinion",8
"realy",8
"mp",8
"member",8
"single",8
"fingers",8
"self",8
"workin",8
"daddy",8
"door",8
"ar",8
"euro",8
"valentine",8
"future",8
"longer",8
"matches",8
"tuesday",8
"bedroom",8
"king",8
"add",8
"library",8
"theyre",8
"slave",8
"omg",8
"training",8
"gay",8
"sale",8
"iam",8
"registered",8
"mo",8
"medical",8
"during",8
"movies",8
"black",8
"awaiting",8
"cancel",8
"cute",8
"complete",8
"hr",8
"honey",8
"picked",8
"vl",8
"cover",8
"ve",8
"south",8
"wednesday",8
"pix",8
"mood",8
"bugis",7
"cine",7
"click",7
"naughty",7
"team",7
"sucks",7
"eating",7
"tea",7
"learn",7
"ahead",7
"kept",7
"liked",7
"wun",7
"following",7
"pleasure",7
"password",7
"changed",7
"cuz",7
"page",7
"eatin",7
"bother",7
"country",7
"yijue",7
"persons",7
"swt",7
"sometimes",7
"internet",7
"menu",7
"waste",7
"hop",7
"towards",7
"bucks",7
"nights",7
"past",7
"biz",7
"appreciate",7
"battery",7
"flirt",7
"uve",7
"kallis",7
"cal",7
"showing",7
"horny",7
"naked",7
"quality",7
"sense",7
"loyalty",7
"sim",7
"high",7
"imagine",7
"arent",7
"uz",7
"advance",7
"yoga",7
"kb",7
"return",7
"insurance",7
"cc",7
"maximize",7
"cold",7
"forward",7
"air",7
"happening",7
"logo",7
"lift",7
"ticket",7
"tough",7
"\hey",7
"notice",7
"tenerife",7
"depends",7
"unsub",7
"malaria",7
"fat",7
"married",7
"rather",7
"hotel",7
"omw",7
"hurry",7
"gee",7
"marriage",7
"izzit",7
"spree",7
"present",7
"imma",7
"shuhui",7
"alex",7
"paid",7
"login",7
"under",7
"awake",7
"torch",7
"looks",7
"idea",7
"dey",7
"sit",7
"running",7
"mad",7
"holla",7
"yest",7
"tscs",7
"space",7
"bag",7
"bid",7
"model",7
"polys",7
"mother",7
"hai",7
"mid",7
"midnight",7
"january",7
"photo",7
"xh",7
"recently",7
"heavy",7
"ull",7
"nxt",7
"miracle",7
"onto",7
"tuition",7
"strong",7
"cell",7
"dog",7
"shd",7
"croydon",7
"wb",7
"walking",7
"meaning",7
"players",7
"share",7
"lmao",7
"\i",7
"arrive",7
"instead",7
"buzz",7
"inside",7
"sight",7
"holding",7
"list",7
"thnk",7
"excuse",7
"costa",7
"sol",7
"including",7
"vikky",7
"tear",7
"worse",7
"sky",7
"maid",7
"murdered",7
"murderer",7
"happens",7
"behind",7
"feb",7
"planned",7
"joking",6
"melle",6
"cheers",6
"subscription",6
"texting",6
"usually",6
"fyi",6
"joke",6
"pleased",6
"review",6
"ls",6
"kano",6
"simply",6
"wa",6
"flights",6
"directly",6
"informed",6
"app",6
"standard",6
"local",6
"replied",6
"qatar",6
"become",6
"arrange",6
"inviting",6
"turns",6
"spoke",6
"bye",6
"personal",6
"straight",6
"system",6
"died",6
"website",6
"tncs",6
"childish",6
"handset",6
"dint",6
"ended",6
"sunny",6
"babes",6
"sport",6
"definitely",6
"power",6
"track",6
"report",6
"ta",6
"num",6
"posted",6
"willing",6
"relax",6
"stoptxt",6
"pilates",6
"putting",6
"shell",6
"aathi",6
"lacs",6
"hv",6
"vry",6
"wnt",6
"vary",6
"askin",6
"group",6
"ttyl",6
"moan",6
"fb",6
"activate",6
"character",6
"jst",6
"tat",6
"gb",6
"pin",6
"campus",6
"lady",6
"aiyo",6
"barely",6
"scream",6
"announcement",6
"indian",6
"ladies",6
"daily",6
"weather",6
"vodafone",6
"holder",6
"listening",6
"earth",6
"evng",6
"envelope",6
"fetch",6
"law",6
"gap",6
"wer",6
"students",6
"aftr",6
"exactly",6
"yay",6
"txtauction",6
"closed",6
"damn",6
"teasing",6
"cm",6
"zed",6
"green",6
"surely",6
"five",6
"matter",6
"version",6
"fall",6
"sup",6
"murder",6
"due",6
"teach",6
"ate",6
"wherever",6
"hp",6
"expensive",6
"brand",6
"ad",6
"contract",6
"kerala",6
"loverboy",6
"serious",6
"april",6
"flower",6
"process",6
"works",6
"regards",6
"sipix",6
"aiyah",6
"urawinner",6
"howz",6
"raining",6
"station",6
"energy",6
"oz",6
"subs",6
"thts",6
"tour",6
"alrite",6
"super",6
"marry",6
"problems",6
"fantasies",6
"cafe",6
"bought",6
"nature",6
"keeping",6
"except",6
"screaming",6
"london",6
"lookin",6
"boys",6
"arcade",6
"created",6
"exciting",6
"stockport",6
"toclaim",6
"theatre",6
"er",6
"ahmad",6
"official",6
"nimya",6
"sed",6
"role",6
"checked",6
"added",6
"pussy",6
"budget",6
"random",6
"plenty",6
"amazing",6
"cancer",6
"tariffs",6
"tick",6
"meds",6
"darling",5
"callers",5
"ldnw",5
"searching",5
"wet",5
"stock",5
"str",5
"egg",5
"roommates",5
"hopefully",5
"tyler",5
"weak",5
"ride",5
"plane",5
"respect",5
"urgnt",5
"sum",5
"boston",5
"truly",5
"jokes",5
"scared",5
"cabin",5
"quoting",5
"voda",5
"hasnt",5
"shouldnt",5
"ec",5
"laid",5
"locations",5
"rooms",5
"begin",5
"shirt",5
"discuss",5
"transaction",5
"cannot",5
"connection",5
"sen",5
"atm",5
"romantic",5
"mtmsg",5
"partner",5
"sam",5
"argument",5
"wins",5
"fix",5
"wks",5
"singles",5
"rays",5
"bf",5
"anybody",5
"cry",5
"selection",5
"themob",5
"pongal",5
"december",5
"surfing",5
"basically",5
"allah",5
"sonyericsson",5
"geeee",5
"didt",5
"sighs",5
"body",5
"guide",5
"intro",5
"current",5
"pictures",5
"jiu",5
"yan",5
"competition",5
"contacted",5
"hostel",5
"amt",5
"respond",5
"bcm",5
"dollars",5
"acc",5
"woman",5
"gives",5
"charges",5
"flat",5
"sec",5
"conditions",5
"fighting",5
"village",5
"spl",5
"stylish",5
"prabha",5
"returns",5
"quote",5
"english",5
"btw",5
"mrw",5
"smiles",5
"jazz",5
"yogasana",5
"stopped",5
"somethin",5
"results",5
"day\",5
"drinks",5
"thursday",5
"cartoon",5
"gentle",5
"drug",5
"belly",5
"lonely",5
"timing",5
"twice",5
"opportunity",5
"gals",5
"city",5
"tis",5
"\hi",5
"sing",5
"couldnt",5
"living",5
"polyphonic",5
"ages",5
"sura",5
"playing",5
"cds",5
"records",5
"birds",5
"travel",5
"lead",5
"unsold",5
"greet",5
"white",5
"cheaper",5
"ym",5
"pissed",5
"wear",5
"places",5
"photos",5
"site",5
"boring",5
"salary",5
"dload",5
"java",5
"noline",5
"rentl",5
"videochat",5
"videophones",5
"dropped",5
"yun",5
"jesus",5
"asleep",5
"gm",5
"bitch",5
"revealed",5
"xchat",5
"receipt",5
"interesting",5
"uni",5
"italian",5
"adult",5
"horrible",5
"nw",5
"jordan",5
"choice",5
"chinese",5
"hun",5
"cbe",5
"boo",5
"broke",5
"original",5
"pple",5
"arrested",5
"linerental",5
"vote",5
"moon",5
"tells",5
"totally",5
"rem",5
"exams",5
"google",5
"vomit",5
"centre",5
"airport",5
"costs",5
"eerie",5
"waking",5
"ran",5
"hook",5
"bin",5
"social",5
"selling",5
"buns",5
"beer",5
"hate",5
"season",5
"nvm",5
"obviously",5
"eng",5
"inclusive",5
"armand",5
"looked",5
"expecting",5
"miles",5
"latr",5
"minuts",5
"unable",5
"remind",5
"whether",5
"spook",5
"fantasy",5
"brilliant",5
"ru",5
"cars",5
"deliver",5
"amount",5
"advice",5
"issues",5
"ignore",5
"thurs",5
"wouldnt",5
"relation",5
"lik",5
"asks",5
"nat",5
"common",5
"oni",4
"fa",4
"tkts",4
"lives",4
"rcv",4
"tb",4
"oru",4
"six",4
"membership",4
"sooner",4
"turn",4
"letter",4
"inches",4
"embarassed",4
"seemed",4
"url",4
"series",4
"iq",4
"wah",4
"machan",4
"coins",4
"moro",4
"becoz",4
"fml",4
"appointment",4
"ham",4
"hols",4
"legal",4
"nyc",4
"considering",4
"research",4
"tt",4
"needed",4
"unredeemed",4
"yetunde",4
"ansr",4
"tyrone",4
"largest",4
"activities",4
"befor",4
"biggest",4
"netcollex",4
"deleted",4
"interview",4
"escape",4
"bloody",4
"anyways",4
"radio",4
"unique",4
"settled",4
"shoot",4
"files",4
"career",4
"followed",4
"teaches",4
"cross",4
"recd",4
"closer",4
"argue",4
"theory",4
"affection",4
"bcums",4
"kettoda",4
"manda",4
"expect",4
"mmm",4
"wt",4
"bay",4
"percent",4
"passed",4
"throw",4
"cam",4
"accidentally",4
"def",4
"meal",4
"dates",4
"hanging",4
"belovd",4
"enemy",4
"smart",4
"afraid",4
"kisses",4
"cud",4
"ppl",4
"waitin",4
"practice",4
"wtf",4
"further",4
"sometime",4
"cream",4
"esplanade",4
"fifteen",4
"journey",4
"gorgeous",4
"purpose",4
"refused",4
"tenants",4
"intelligent",4
"result",4
"reasons",4
"receiving",4
"cw",4
"tcs",4
"dry",4
"center",4
"bringing",4
"jada",4
"kusruthi",4
"matured",4
"mtmsgrcvd",4
"rude",4
"pg",4
"passionate",4
"confidence",4
"losing",4
"three",4
"milk",4
"essential",4
"lab",4
"quit",4
"grand",4
"pie",4
"mums",4
"paris",4
"answers",4
"often",4
"uncles",4
"bud",4
"taken",4
"church",4
"temple",4
"ss",4
"sw",4
"bet",4
"hella",4
"prepare",4
"seem",4
"explain",4
"purchase",4
"weird",4
"drivin",4
"height",4
"ws",4
"assume",4
"upset",4
"faster",4
"spoken",4
"weve",4
"skilgme",4
"winawk",4
"meetin",4
"apparently",4
"perfect",4
"enjoyed",4
"dictionary",4
"appt",4
"hunny",4
"ache",4
"ae",4
"qxj",4
"profit",4
"cust",4
"morrow",4
"ibiza",4
"wp",4
"meanwhile",4
"careful",4
"spk",4
"vip",4
"saved",4
"played",4
"wanting",4
"derek",4
"pig",4
"addicted",4
"ma",4
"attend",4
"diet",4
"fever",4
"tcr",4
"\our",4
"carefully",4
"gravity",4
"bowl",4
"decision",4
"ph",4
"sore",4
"regret",4
"throat",4
"lecture",4
"raise",4
"\a",4
"fool",4
"june",4
"technical",4
"wu",4
"bathing",4
"vijay",4
"dem",4
"fight",4
"clock",4
"hands",4
"subscriber",4
"aiyar",4
"wearing",4
"lucozade",4
"rally",4
"wrc",4
"shame",4
"credited",4
"understanding",4
"delivered",4
"arms",4
"mite",4
"easier",4
"txtin",4
"songs",4
"exact",4
"favour",4
"jamster",4
"harry",4
"february",4
"rush",4
"blackberry",4
"moji",4
"fill",4
"gently",4
"urn",4
"msgrcvdhg",4
"aiya",4
"bright",4
"textpod",4
"pod",4
"fl",4
"\ur",4
"friendship\",4
"personality",4
"wonders",4
"purity",4
"sha",4
"total",4
"along",4
"file",4
"shortly",4
"jhl",4
"tihs",4
"yuo",4
"bishan",4
"preferably",4
"pack",4
"idk",4
"whom",4
"laughing",4
"title",4
"brought",4
"surprised",4
"comedy",4
"moby",4
"action",4
"ideas",4
"remain",4
"received",4
"ordered",4
"queen",4
"fren",4
"connect",4
"bahamas",4
"schedule",4
"settings",4
"alert",4
"atlanta",4
"fills",4
"gaps",4
"takin",4
"didn",4
"prizes",4
"answering",4
"jess",4
"dirty",4
"package",4
"upto",4
"skype",4
"masters",4
"cook",4
"\what",4
"cleaning",4
"cat",4
"hip",4
"havnt",4
"freefone",4
"infernal",4
"qp",4
"giv",4
"yer",4
"feet",4
"med",4
"kidz",4
"ntwk",4
"pages",4
"freak",4
"ref",4
"wkend",4
"letters",4
"football",4
"energy\",4
"happend",4
"sugar",4
"thangam",4
"roger",4
"cooking",4
"solve",4
"key",4
"released",4
"spending",4
"whens",4
"sept",4
"govt",4
"instituitions",4
"public",4
"dare",4
"teeth",4
"iz",4
"handle",4
"note",4
"porn",4
"celebrate",4
"tm",4
"abi",4
"hill",4
"grl",4
"hug",4
"fromm",4
"basic",4
"outta",4
"bloomberg",4
"inform",4
"blank",4
"texted",4
"born",4
"doc",4
"taunton",4
"loss",4
"santa",4
"step",4
"minnaminunginte",3
"nurungu",3
"vettam",3
"spell",3
"scotland",3
"wales",3
"frying",3
"clear",3
"caught",3
"child",3
"fear",3
"xuhui",3
"invite",3
"yummy",3
"fair",3
"gram",3
"runs",3
"realized",3
"matrix",3
"starwars",3
"suprman",3
"burger",3
"dresser",3
"advise",3
"recent",3
"valuable",3
"dignity",3
"gentleman",3
"shy",3
"requests",3
"sheets",3
"lido",3
"collected",3
"verify",3
"four",3
"vava",3
"loud",3
"anythin",3
"sentence",3
"apologise",3
"hardcore",3
"dot",3
"staff",3
"female",3
"birla",3
"soft",3
"floor",3
"spanish",3
"mall",3
"maneesha",3
"satisfied",3
"toll",3
"mummy",3
"finishes",3
"august",3
"suggest",3
"successfully",3
"ga",3
"dats",3
"register",3
"teacher",3
"pence",3
"loses",3
"tomarrow",3
"avent",3
"touched",3
"slippers",3
"bat",3
"innings",3
"dearly",3
"ranjith",3
"shipping",3
"networks",3
"mini",3
"parked",3
"flash",3
"jealous",3
"sorting",3
"genuine",3
"handed",3
"gautham",3
"buzy",3
"upgrade",3
"tease",3
"scary",3
"fit",3
"gossip",3
"newest",3
"garage",3
"keys",3
"bstfrnd",3
"clos",3
"cutefrnd",3
"jstfrnd",3
"lifpartnr",3
"lvblefrnd",3
"swtheart",3
"gona",3
"flight",3
"record",3
"women",3
"germany",3
"supervisor",3
"lifetime",3
"bless",3
"favourite",3
"stranger",3
"cleared",3
"gudnite",3
"slap",3
"alcohol",3
"insha",3
"remembered",3
"alive",3
"breathe",3
"ptbo",3
"tests",3
"mobilesdirect",3
"shut",3
"period",3
"business",3
"picture",3
"quickly",3
"chechi",3
"tree",3
"sender",3
"blah",3
"skip",3
"goal",3
"names",3
"tf",3
"ful",3
"irritating",3
"arng",3
"bmw",3
"shortage",3
"source",3
"urgently",3
"iouri",3
"sachin",3
"oic",3
"transfer",3
"homeowners",3
"previously",3
"si",3
"july",3
"railway",3
"doggy",3
"fave",3
"roads",3
"dave",3
"banks",3
"ja",3
"transfered",3
"wise",3
"boye",3
"accounts",3
"dificult",3
"fightng",3
"fish",3
"fees",3
"sory",3
"soryda",3
"ibhltd",3
"cha",3
"mono",3
"booking",3
"nos",3
"behave",3
"elsewhere",3
"qu",3
"channel",3
"ummmmmaah",3
"tirupur",3
"web",3
"cock",3
"generally",3
"isn",3
"likely",3
"haven",3
"american",3
"callin",3
"dick",3
"bite",3
"snake",3
"headache",3
"lines",3
"exhausted",3
"swimming",3
"morow",3
"nichols",3
"leona",3
"market",3
"pop",3
"postcode",3
"seven",3
"tlp",3
"thanksgiving",3
"peace",3
"textoperator",3
"building",3
"map",3
"accordingly",3
"farm",3
"stress",3
"callcost",3
"csbcm",3
"ba",3
"low",3
"shouted",3
"shorter",3
"subscribed",3
"realize",3
"mt",3
"\x\",3
"mas",3
"perwksub",3
"anywhere",3
"smokes",3
"xxx\",3
"diff",3
"community",3
"subpoly",3
"bein",3
"jan",3
"pieces",3
"hint",3
"responding",3
"xxxx",3
"alfie",3
"moons",3
"nokias",3
"brain",3
"hahaha",3
"successful",3
"jays",3
"seconds",3
"xavier",3
"stomach",3
"sn",3
"returned",3
"worlds",3
"supply",3
"walls",3
"cuddle",3
"nap",3
"liverpool",3
"reminder",3
"failed",3
"\be",3
"outstanding",3
"male",3
"msging",3
"moments",3
"magical",3
"welp",3
"chicken",3
"potential",3
"talent",3
"polyph",3
"fuckin",3
"ubi",3
"wkg",3
"butt",3
"terrible",3
"exe",3
"prey",3
"fancies",3
"foreign",3
"stamps",3
"speechless",3
"roast",3
"concentrate",3
"chatting",3
"walked",3
"drunk",3
"networking",3
"juicy",3
"dearer",3
"alwys",3
"evn",3
"frndship",3
"itz",3
"ne",3
"ground",3
"speed",3
"catching",3
"\oh",3
"falls",3
"roommate",3
"le",3
"bigger",3
"islands",3
"celeb",3
"pocketbabe",3
"voicemail",3
"walmart",3
"score",3
"apps",3
"anti",3
"rofl",3
"various",3
"textcomp",3
"morn",3
"docs",3
"havin",3
"rang",3
"sorted",3
"executive",3
"jane",3
"express",3
"fran",3
"knackered",3
"software",3
"lions",3
"idiot",3
"whenevr",3
"among",3
"chill",3
"chillin",3
"saucy",3
"chain",3
"suntec",3
"messenger",3
"screen",3
"tom",3
"upload",3
"shot",3
"\hello\",3
"girlfrnd",3
"grahmbell",3
"hello\",3
"invnted",3
"margaret",3
"phne",3
"storming",3
"telphone",3
"popped",3
"shld",3
"beware",3
"caring",3
"option",3
"http",3
"goodnite",3
"arsenal",3
"everybody",3
"painful",3
"missin",3
"guilty",3
"cardiff",3
"addie",3
"certainly",3
"claire",3
"aah",3
"twelve",3
"xxxxxxxxx",3
"minmobsmorelkpobox",3
"blakes",3
"lotr",3
"karaoke",3
"stars",3
"eight",3
"ron",3
"ese",3
"prospects",3
"buff",3
"gang",3
"tablets",3
"doors",3
"finishing",3
"brothas",3
"chasing",3
"force",3
"blame",3
"blessings",3
"freezing",3
"winning",3
"titles",3
"switch",3
"monthly",3
"maintain",3
"sh",3
"cramps",3
"nan",3
"dislikes",3
"likes",3
"promises",3
"album",3
"standing",3
"james",3
"chosen",3
"di",3
"cruise",3
"follow",3
"stuck",3
"regarding",3
"adore",3
"arun",3
"philosophy",3
"eye",3
"husband",3
"subscribe",3
"payoh",3
"toa",3
"fathima",3
"mmmm",3
"ps",3
"nearly",3
"beyond",3
"xxxxxxx",3
"abta",3
"ikea",3
"cn",3
"kadeem",3
"se",3
"wud",3
"carry",3
"avatar",3
"stops",3
"constantly",3
"lousy",3
"ic",3
"crack",3
"honeybee",3
"laughed",3
"sweetest",3
"boat",3
"proof",3
"provided",3
"downloads",3
"members",3
"major",3
"birth",3
"rule",3
"natural",3
"onwards",3
"ppermesssubscription",3
"skillgame",3
"winaweek",3
"eggs",3
"lie",3
"boost",3
"calicut",3
"pink",3
"normally",3
"rich",3
"yor",3
"jason",3
"art",3
"argh",3
"term",3
"favor",3
"shijas",3
"tessy",3
"china",3
"morphine",3
"prefer",3
"kindly",3
"pending",3
"raji",3
"legs",3
"distance",3
"temp",3
"display",3
"soup",3
"management",3
"include",3
"regular",3
"threats",3
"lounge",3
"cheer",3
"cornwall",3
"bags",3
"iscoming",3
"halloween",3
"issue",3
"measure",3
"drinking",3
"instantly",3
"thm",3
"wn",3
"impossible",3
"responce",3
"vodka",3
"okey",3
"gardener",3
"neighbour",3
"questioned",3
"vegetables",3
"science",3
"madam",3
"settle",3
"bloo",3
"indians",3
"citizen",3
"sry",3
"greetings",3
"dai",3
"maga",3
"medicine",3
"incident",3
"violence",3
"erm",3
"instructions",3
"lp",3
"death",3
"wrk",3
"reality",3
"usc",3
"booty",3
"lil",3
"bro",3
"bros",3
"remains",3
"pouts",3
"stomps",3
"sports",3
"shirts",3
"petrol",3
"luxury",3
"ben",3
"middle",3
"dark",3
"contents",3
"enuff",3
"strike",3
"moved",3
"seat",3
"dress",3
"collecting",3
"flaked",3
"gary",3
"history",3
"bell",3
"understood",3
"bottom",3
"crab",3
"footprints",3
"changes",3
"books",3
"blow",3
"knowing",3
"challenge",3
"randomly",3
"tape",3
"films",3
"lick",3
"auto",3
"praying",3
"\its",3
"deliveredtomorrow",3
"smoking",3
"billed",3
"ths",3
"callback",3
"wedding",3
"accident",3
"wisdom",3
"cannt",3
"symbol",3
"mega",3
"prolly",3
"confirmed",3
"dubsack",3
"macho",3
"audition",3
"fell",3
"senthil",3
"forevr",3
"eaten",3
"possession",3
"concert",3
"affairs",3
"california",3
"university",3
"value",3
"mnth",3
"tog",3
"wylie",3
"evry",3
"haiz",3
"previous",3
"captain",3
"dsnt",3
"x\",3
"wallpaper",3
"bottle",3
"buffet",2
"hor",2
"kl",2
"receivea",2
"chances",2
"csh",2
"tsandcs",2
"dbuk",2
"jackpot",2
"lccltd",2
"rw",2
"blessing",2
"xxxmobilemovieclub",2
"goals",2
"slice",2
"convincing",2
"sarcastic",2
"mmmmmm",2
"burns",2
"hospitals",2
"eighth",2
"\the",2
"sptv",2
"detroit",2
"hockey",2
"odi",2
"killing",2
"\song",2
"dedicate",2
"dedicated",2
"aco",2
"aj",2
"eurodisinc",2
"morefrmmob",2
"shracomorsglsuplt",2
"trav",2
"earn",2
"jacket",2
"nitros",2
"ela",2
"pours",2
"\mix\",2
"britney",2
"usher",2
"telugu",2
"loans",2
"location",2
"noun",2
"gent",2
"puttin",2
"goodo",2
"potato",2
"tortilla",2
"algarve",2
"msn",2
"pouch",2
"hearts",2
"occupy",2
"somtimes",2
"randy",2
"flowing",2
"plaza",2
"everywhere",2
"joy",2
"mouth",2
"windows",2
"bootydelious",2
"module",2
"avoid",2
"beloved",2
"clark",2
"form",2
"utter",2
"completed",2
"stays",2
"wishin",2
"hamster",2
"inr",2
"keralacircle",2
"kr",2
"prepaid",2
"refilled",2
"ericsson",2
"bruv",2
"rewarding",2
"heading",2
"os",2
"installing",2
"repair",2
"horo",2
"star",2
"conducts",2
"printed",2
"upstairs",2
"shining",2
"signing",2
"although",2
"commercial",2
"deepak",2
"deeraj",2
"drpd",2
"lag",2
"headin",2
"necessarily",2
"jolt",2
"suzy",2
"chart",2
"gf",2
"tool",2
"\wen",2
"jenny",2
"grave",2
"crash",2
"shocking",2
"taxi",2
"actor",2
"blind",2
"hide",2
"thread",2
"funky",2
"anot",2
"lo",2
"tahan",2
"buses",2
"bristol",2
"apo",2
"prepayment",2
"paperwork",2
"privacy",2
"violated",2
"caroline",2
"misbehaved",2
"tayseer",2
"tissco",2
"unemployed",2
"status",2
"cuddling",2
"agree",2
"recognise",2
"ovulation",2
"dx",2
"licks",2
"grace",2
"inshah",2
"salam",2
"sharing",2
"administrator",2
"field",2
"pw",2
"shipped",2
"burning",2
"loxahatchee",2
"darlings",2
"fav",2
"slightly",2
"wld",2
"ch",2
"whatsup",2
"txttowin",2
"adam",2
"ads",2
"mobno",2
"txtno",2
"siva",2
"expression",2
"speaking",2
"applebees",2
"bhaji",2
"cricketer",2
"improve",2
"oreo",2
"truffles",2
"amy",2
"coping",2
"decisions",2
"individual",2
"position",2
"language",2
"screamed",2
"differ",2
"removed",2
"broken",2
"infront",2
"tension",2
"taste",2
"trade",2
"rec",2
"hyde",2
"anthony",2
"scrounge",2
"forgiven",2
"slide",2
"renewal",2
"definite",2
"transport",2
"ebay",2
"pickle",2
"tacos",2
"ability",2
"develop",2
"recovery",2
"blokes",2
"cutting",2
"owns",2
"reminding",2
"demand",2
"faggy",2
"fo",2
"loose",2
"pan",2
"perhaps",2
"geeeee",2
"jen",2
"oooh",2
"claims",2
"dancing",2
"hardly",2
"ag",2
"promo",2
"tsunamis",2
"soiree",2
"ques",2
"suits",2
"reaction",2
"shock",2
"grow",2
"useful",2
"officially",2
"gaytextbuddy",2
"textbuddy",2
"hundred",2
"expressoffer",2
"sweetheart",2
"effects",2
"wee",2
"jolly",2
"trains",2
"rstm",2
"panic",2
"impatient",2
"river",2
"premium",2
"lays",2
"en",2
"posts",2
"yelling",2
"hex",2
"sue",2
"cochin",2
"gpu",2
"poop",2
"\if",2
"aeronautics",2
"aeroplane",2
"calld",2
"hurried",2
"professors",2
"dorm",2
"mobilesvary",2
"px",2
"cookies",2
"admit",2
"correction",2
"spring",2
"ctxt",2
"attached",2
"helpline",2
"gist",2
"thousands",2
"premier",2
"gimme",2
"lip",2
"confused",2
"spare",2
"faith",2
"yf",2
"inch",2
"schools",2
"begging",2
"opening",2
"pole",2
"thot",2
"cashto",2
"getstop",2
"php",2
"rg",2
"imp",2
"bec",2
"nervous",2
"borrow",2
"galileo",2
"loveme",2
"cappuccino",2
"mojibiola",2
"hol",2
"aburo",2
"countin",2
"given",2
"kz",2
"skyped",2
"ultimatum",2
"hence",2
"inconsiderate",2
"nag",2
"recession",2
"soo",2
"warning",2
"shoes",2
"discreet",2
"named",2
"genius",2
"connections",2
"lately",2
"lotta",2
"approx",2
"mystery",2
"smsco",2
"virgin",2
"consider",2
"peaceful",2
"xxxxxx",2
"shesil",2
"fixedline",2
"castor",2
"stopsms",2
"downloaded",2
"ear",2
"oil",2
"mac",2
"usb",2
"gibbs",2
"unbelievable",2
"superb",2
"several",2
"taylor",2
"worst",2
"charles",2
"stores",2
"peak",2
"sweets",2
"chip",2
"don\t",2
"yck",2
"million",2
"lux",2
"jeans",2
"bleh",2
"tons",2
"application",2
"scores",2
"ms",2
"filthy",2
"simpler",2
"necklace",2
"racing",2
"rice",2
"closes",2
"borin",2
"crap",2
"chocolate",2
"reckon",2
"tech",2
"blessed",2
"aunts",2
"helen",2
"quiet",2
"fan",2
"lovers",2
"drove",2
"anniversary",2
"pen",2
"datebox",2
"essexcm",2
"secretly",2
"xn",2
"pattern",2
"plm",2
"sheffield",2
"zoe",2
"filling",2
"setting",2
"sufficient",2
"thx",2
"answer\",2
"edison",2
"rightly",2
"viva",2
"hb",2
"\because",2
"educational",2
"bloke",2
"flirting",2
"doesn",2
"kickoff",2
"sells",2
"thesis",2
"sends",2
"deciding",2
"compare",2
"eastenders",2
"herself",2
"lily",2
"tulip",2
"violet",2
"wkent",2
"prepared",2
"oi",2
"breath",2
"craziest",2
"curry",2
"planet",2
"singing",2
"thoughts",2
"bp",2
"warranty",2
"tomorro",2
"fret",2
"depressed",2
"wind",2
"math",2
"dhoni",2
"rocks",2
"durban",2
"speedchat",2
"survey",2
"difficulties",2
"sar",2
"tank",2
"fil",2
"drms",2
"silently",2
"itcould",2
"packs",2
"toot",2
"annoying",2
"makin",2
"popcorn",2
"beneficiary",2
"neft",2
"apart",2
"appreciated",2
"creepy",2
"nok",2
"invest",2
"delay",2
"purse",2
"\hello",2
"europe",2
"flip",2
"jd",2
"weirdest",2
"minmoremobsemspobox",2
"tee",2
"control",2
"dough",2
"fails",2
"irritates",2
"jerry",2
"drinkin",2
"birthdate",2
"nydc",2
"ola",2
"garbage",2
"items",2
"dads",2
"gold",2
"logos",2
"lionm",2
"lionp",2
"jokin",2
"colours",2
"remembr",2
"phoenix",2
"potter",2
"readers",2
"canada",2
"cares",2
"goodnoon",2
"interest",2
"georges",2
"tmrw",2
"soul",2
"hurting",2
"main",2
"ned",2
"sweetie",2
"whn",2
"dance",2
"bar",2
"bears",2
"juan",2
"lf",2
"tlk",2
"front",2
"ideal",2
"arm",2
"tirunelvali",2
"effect",2
"kidding",2
"stretch",2
"disclose",2
"frauds",2
"icicibank",2
"payee",2
"sinco",2
"kaiez",2
"babies",2
"practicing",2
"beneath",2
"pale",2
"silver",2
"silence",2
"exeter",2
"revision",2
"much\",2
"whose",2
"condition",2
"coat",2
"tues",2
"restaurant",2
"desperate",2
"monkeys",2
"practical",2
"mails",2
"costing",2
"ali",2
"lyf",2
"lyfu",2
"meow",2
"ke",2
"program",2
"msgrcvd",2
"lucy",2
"hubby",2
"doesn\t",2
"modules",2
"musthu",2
"jsco",2
"testing",2
"nit",2
"format",2
"sarcasm",2
"forum",2
"aunt",2
"unfortunately",2
"ayn",2
"evrey",2
"exmpel",2
"gving",2
"jsut",2
"konw",2
"mitsake",2
"raed",2
"rael",2
"sitll",2
"splleing",2
"waht",2
"wihtuot",2
"wrnog",2
"ow",2
"finance",2
"joining",2
"filled",2
"jia",2
"sux",2
"kegger",2
"rhythm",2
"\miss",2
"life\",2
"adventure",2
"wifi",2
"rumour",2
"boyfriend",2
"driver",2
"kicks",2
"dime",2
"falling",2
"smeone",2
"flame",2
"fire",2
"propose",2
"dippeditinadew",2
"gifted",2
"itwhichturnedinto",2
"lovingly",2
"tomeandsaid",2
"ringtoneking",2
"batch",2
"flaky",2
"sooooo",2
"tooo",2
"confuses",2
"wating",2
"british",2
"hotels",2
"adoring",2
"addamsfa",2
"dracula",2
"exorcist",2
"ghost",2
"munsters",2
"twilight",2
"cared",2
"constant",2
"allow",2
"feelin",2
"hlp",2
"fly",2
"event",2
"movietrivia",2
"partnership",2
"mostly",2
"jas",2
"poker",2
"messy",2
"moves",2
"slip",2
"traffic",2
"nus",2
"keeps",2
"gotten",2
"unknown",2
"vu",2
"pre",2
"stick",2
"indeed",2
"rents",2
"alaipayuthe",2
"maangalyam",2
"easter",2
"telephone",2
"callfreefone",2
"calm",2
"becomes",2
"habit",2
"contacts",2
"forgets",2
"mandan",2
"ibh",2
"console",2
"invaders",2
"orig",2
"recharge",2
"transfr",2
"foley",2
"desparate",2
"fake",2
"combine",2
"sian",2
"joanna",2
"replacement",2
"telly",2
"mth",2
"wipro",2
"delete",2
"laundry",2
"underwear",2
"waheed",2
"knees",2
"pushes",2
"avoiding",2
"heads",2
"uh",2
"vday",2
"table",2
"therere",2
"build",2
"fights",2
"snowman",2
"ofice",2
"prescription",2
"electricity",2
"fujitsu",2
"scold",2
"prompts",2
"disturbing",2
"flies",2
"woken",2
"aka",2
"delhi",2
"held",2
"distract",2
"fringe",2
"mel",2
"responsibility",2
"kid",2
"affair",2
"aom",2
"nb",2
"parco",2
"hallaq",2
"bck",2
"color",2
"lyk",2
"gender",2
"sleepwell",2
"mca",2
"tming",2
"vomiting",2
"rub",2
"clever",2
"bray",2
"eire",2
"stamped",2
"wicklow",2
"idew",2
"manage",2
"xam",2
"diamonds",2
"shitload",2
"aunty",2
"mcat",2
"beg",2
"sacrifice",2
"stayin",2
"satisfy",2
"cld",2
"killed",2
"smashed",2
"everybodys",2
"tok",2
"specific",2
"figures",2
"cousin",2
"\power",2
"frndship\",2
"excuses",2
"neck",2
"continue",2
"holy",2
"billion",2
"classes",2
"turning",2
"belive",2
"slots",2
"discussed",2
"prem",2
"morro",2
"spoiled",2
"complaint",2
"sales",2
"lk",2
"lov",2
"shagged",2
"bedrm",2
"waited",2
"huge",2
"mids",2
"oranges",2
"upd",2
"annie",2
"mailbox",2
"messaging",2
"retrieve",2
"hrishi",2
"nothin",2
"poem",2
"thatll",2
"duchess",2
"jo",2
"nahi",2
"wo",2
"zindgi",2
"dan",2
"staring",2
"unnecessarily",2
"weigh",2
"active",2
"gamestar",2
"scoring",2
"expired",2
"opinions",2
"\boost",2
"aproach",2
"dt",2
"evrydy",2
"gthr",2
"gv",2
"happily",2
"lived",2
"lttrs",2
"lv",2
"propsd",2
"speeding",2
"threw",2
"thy",2
"truck",2
"paragon",2
"bluff",2
"sary",2
"piece",2
"\kudi\",2
"brandy",2
"dhina",2
"gin",2
"rum",2
"scotch",2
"shampain",2
"vaazhthukkal",2
"wiskey",2
"yarasu",2
"kg",2
"dumb",2
"dressed",2
"kills",2
"kay",2
"slo",2
"nasty",2
"wasted",2
"christ",2
"push",2
"answered",2
"rgds",2
"wrote",2
"politicians",2
"swiss",2
"jobs",2
"lane",2
"rights",2
"donno",2
"properly",2
"rr",2
"furniture",2
"lock",2
"shoving",2
"papers",2
"strange",2
"acl",2
"indyarocks",2
"resume",2
"bids",2
"whr",2
"yunny",2
"mmmmm",2
"benefits",2
"relatives",2
"environment",2
"terrific",2
"dr",2
"superior",2
"picsfree",2
"vid",2
"ruin",2
"conform",2
"department",2
"bc",2
"toshiba",2
"\im",2
"knock",2
"innocent",2
"mental",2
"bills",2
"hoped",2
"marrow",2
"hon",2
"fab",2
"treated",2
"bang",2
"tiwary",2
"pap",2
"arts",2
"pandy",2
"edu",2
"secretary",2
"dollar",2
"pull",2
"amongst",2
"response",2
"nalla",2
"northampton",2
"abj",2
"serving",2
"smith",2
"anna",2
"nagar",2
"evr",2
"frnds\",2
"u\",2
"hugs",2
"neither",2
"snogs",2
"west",2
"fastest",2
"growing",2
"chase",2
"steam",2
"reg",2
"canary",2
"sleepy",2
"mag",2
"diwali",2
"onion",2
"thgt",2
"lower",2
"exhaust",2
"pee",2
"success",2
"division",2
"creep",2
"lies",2
"property",2
"interflora",2
"bbd",2
"pimples",2
"yellow",2
"frog",2
"doubt",2
"japanese",2
"proverb",2
"coin",2
"freedom",2
"twenty",2
"painting",2
"nowadays",2
"talks",2
"probs",2
"swatch",2
"ganesh",2
"trips",2
"\sweet\",2
"enjoy\",2
"helloooo",2
"joy\",2
"morning\",2
"mrng\",2
"welcomes\",2
"you\",2
"geva",2
"wuld",2
"solved",2
"fucks",2
"sake",2
"bruce",2
"teaching",2
"chest",2
"brief",2
"covers",2
"hang",2
"reboot",2
"pt",2
"phoned",2
"improved",2
"hm",2
"salon",2
"evenings",2
"raj",2
"\dont",2
"payment",2
"waves",2
"clearing",2
"shore",2
"range",2
"topic",2
"admin",2
"visionsms",2
"andros",2
"meets",2
"foot",2
"penis",2
"sigh",2
"vth",2
"eveb",2
"window",2
"removal",2
"cancelled",2
"lookatme",2
"agalla",2
"yeh",2
"\cheers",2
"xxxxx",2
"count",2
"otside",2
"size",2
"tight",2
"av",2
"everyday",2
"curious",2
"postcard",2
"bread",2
"mahal",2
"luvs",2
"ding",2
"allowed",2
"necessary",2
"messaged",2
"deus",2
"broad",2
"canal",2
"spile",2
"tap",2
"engin",2
"edge",2
"east",2
"howard",2
"cooked",2
"cheat",2
"block",2
"ruining",2
"ee",2
"easily",2
"selfish",2
"custom",2
"sac",2
"jiayin",2
"tg",2
"forgotten",2
"cheating",2
"mathematics",2
"reverse",2
"waxsto",2
"minimum",2
"elaine",2
"drunken",2
"mess",2
"crisis",2
"ias",2
"mb",2
"desires",2
"careers",2
"priscillas",2
"kent",2
"vale",2
"unbreakable",2
"unkempt",2
"untamed",2
"westlife",2
"prince",2
"cdgt",2
"explosive",2
"granite",2
"nasdaq",2
"base",2
"placement",2
"sumthin",2
"wasn",2
"devouring",2
"lion",2
"airtel",2
"processed",2
"jaya",2
"forums",2
"mumtaz",2
"mumtazs",2
"fwd",2
"incredible",2
"ship",2
"maturity",2
"kavalan",2
"causing",2
"tonights",2
"lib",2
"difference",2
"despite",2
"swoop",2
"langport",2
"mistakes",2
"vegas",2
"lou",2
"vewy",2
"pool",2
"cnn",2
"confirmd",2
"disconnect",2
"ibn",2
"terrorist",2
"verified",2
"goodfriend",2
"hppnss",2
"sorrow",2
"stayed",2
"blonde",2
"increments",2
"mila",2
"mtalk",2
"pp",2
"stones",2
"atlast",2
"stone",2
"desert",2
"funk",2
"funeral",2
"vivek",2
"tnc",2
"brah",2
"passwords",2
"protect",2
"sensitive",2
"sib",2
"blu",2
"ipad",2
"bird",2
"cheese",2
"index",2
"tms",2
"widelive",2
"wml",2
"hsbc",2
"wave",2
"asp",2
"eek",2
"melt",2
"heater",2
"eta",2
"housewives",2
"landlines",2
"dial",2
"literally",2
"kothi",2
"prof",2
"sem",2
"student",2
"actual",2
"sathya",2
"dealing",2
"reasonable",2
"kappa",2
"piss",2
"receipts",2
"guessing",2
"royal",2
"sticky",2
"indicate",2
"repeat",2
"calculation",2
"blur",2
"clothes",2
"lush",2
"bear",2
"courage",2
"defeat",2
"greatest",2
"fucked",2
"beauty",2
"natalja",2
"ball",2
"moving",2
"sunlight",2
"jogging",2
"shelf",2
"mokka",2
"polyh",2
"bone",2
"steve",2
"epsilon",2
"mesages",2
"lst",2
"got\",2
"massive",2
"absolutly",2
"forms",2
"polo",2
"academic",2
"convinced",2
"coast",2
"suppose",2
"explicit",2
"secs",2
"clearly",2
"gain",2
"realise",2
"mnths",2
"txtstop",2
"managed",2
"capital",2
"acted",2
"mis",2
"customers",2
"loyal",2
"print",2
"dokey",2
"error",2
"sleepin",2
"minor",2
"cashbin",2
"denis",2
"woulda",2
"miserable",2
"shoppin",2
"celebration",2
"nuther",2
"infections",2
"warner",2
"henry",2
"parent",2
"select",2
"woot",2
"dining",2
"donate",2
"cme",2
"parking",2
"goldviking",2
"sarasota",2
"cherish",2
"natalie",2
"muah",2
"slp",2
"eva",2
"bulbs",2
"garden",2
"notxt",2
"scotsman",2
"seeds",2
"gastroenteritis",2
"illness",2
"limiting",2
"reduce",2
"replace",2
"favorite",2
"pride",2
"respectful",2
"amused",2
"shu",2
"island",2
"spider",2
"amore",1
"jurong",1
"chgs",1
"aids",1
"patent",1
"cried",1
"breather",1
"fulfil",1
"granted",1
"qjkgighjjgcbl",1
"gota",1
"macedonia",1
"poboxox",1
"ffffffffff",1
"forced",1
"packing",1
"ahhh",1
"vaguely",1
"actin",1
"apologetic",1
"badly",1
"fallen",1
"spoilt",1
"cuppa",1
"fainting",1
"housework",1
"timings",1
"watts",1
"arabian",1
"steed",1
"rodger",1
"endowed",1
"hep",1
"immunisation",1
"stubborn",1
"sucker",1
"suckers",1
"thinked",1
"smarter",1
"crashing",1
"accomodations",1
"cave\",1
"embarassing",1
"offered",1
"devils",1
"incorrect",1
"jersey",1
"wings",1
"mallika",1
"sherawat",1
"gauti",1
"sehwag",1
"seekers",1
"\divorce",1
"barbie\",1
"kens",1
"performed",1
"peoples",1
"operate",1
"tas",1
"multis",1
"factory",1
"casualty",1
"includes",1
"beforehand",1
"hairdressers",1
"ams",1
"signin",1
"memorable",1
"minecraft",1
"server",1
"grumpy",1
"lying",1
"plural",1
"formal",1
"openin",1
"ratio",1
"wr",1
"apples",1
"malarky",1
"pairs",1
"sao",1
"predict",1
"imposed",1
"involve",1
"lucyxx",1
"accomodate",1
"tmorrow",1
"gravel",1
"svc",1
"\nver",1
"ummma",1
"sindu",1
"nevering",1
"typical",1
"chores",1
"dirt",1
"exist",1
"hail",1
"mist",1
"aaooooright",1
"annoncement",1
"envy",1
"sees",1
"excited",1
"bangb",1
"bangbabes",1
"cultures",1
"missunderstding",1
"bridge",1
"lager",1
"axis",1
"begins",1
"clue",1
"surname",1
"approaches",1
"hopes",1
"lifted",1
"finding",1
"handsome",1
"areyouunique",1
"league",1
"ors",1
"stool",1
"babyjontet",1
"enc",1
"alter",1
"dogg",1
"refund",1
"prediction",1
"disk",1
"ubandu",1
"scenery",1
"aries",1
"flyng",1
"elama",1
"mudyadhu",1
"strict",1
"gandhipuram",1
"rubber",1
"hearing",1
"pleassssssseeeeee",1
"sportsx",1
"baig",1
"watches",1
"bribe",1
"nipost",1
"ups",1
"usps",1
"luton",1
"sometme",1
"mk",1
"evo",1
"narcotics",1
"objection",1
"mack",1
"rob",1
"theater",1
"celebrations",1
"ahold",1
"cruisin",1
"edukkukayee",1
"ollu",1
"raksha",1
"varunnathu",1
"resend",1
"thfeb",1
"appropriate",1
"gurl",1
"diesel",1
"fridge",1
"womdarfull",1
"aberdeen",1
"cktz",1
"icmb",1
"img",1
"kingdom",1
"rodds",1
"united",1
"remb",1
"jos",1
"bookshelf",1
"winnersclub",1
"mylife",1
"gon",1
"guild",1
"employers",1
"evaporated",1
"stealing",1
"daaaaa",1
"dined",1
"wined",1
"hiding",1
"huiming",1
"prestige",1
"sextextuk",1
"shag",1
"xxuk",1
"jeremiah",1
"iphone",1
"apeshit",1
"safely",1
"aig",1
"onam",1
"sirji",1
"tata",1
"andrews",1
"db",1
"audreys",1
"dawns",1
"refreshed",1
"regalportfolio",1
"rp",1
"uniform",1
"spoil",1
"bars",1
"heron",1
"lindsay",1
"payasam",1
"rinu",1
"becaus",1
"prabu",1
"taught",1
"verifying",1
"followin",1
"repairs",1
"wallet",1
"owl",1
"kickboxing",1
"lap",1
"calculated",1
"performance",1
"visitor",1
"wahleykkum",1
"stoners",1
"disastrous",1
"busetop",1
"iron",1
"okies",1
"wendy",1
"attitude",1
"attractive",1
"rowdy",1
"sentiment",1
"urination",1
"hillsborough",1
"shoul",1
"howdy",1
"monkeespeople",1
"monkeyaround",1
"werethe",1
"blimey",1
"exercise",1
"concentration",1
"hanks",1
"lotsly",1
"detail",1
"optimistic",1
"consistently",1
"ears",1
"links",1
"practicum",1
"heal",1
"wavering",1
"upgrdcentre",1
"oral",1
"slippery",1
"bike",1
"okmail",1
"enters",1
"machi",1
"mcr",1
"whenre",1
"falconerf",1
"jaykwon",1
"thuglyfe",1
"faded",1
"glory",1
"ralphs",1
"reunion",1
"accenture",1
"jackson",1
"reache",1
"nuerologist",1
"lolnice",1
"westshore",1
"significance",1
"ak",1
"ammo",1
"gs",1
"boltblue",1
"jamz",1
"toxic",1
"bubbletext",1
"tgxxrz",1
"topped",1
"problematic",1
"abnormally",1
"adults",1
"unconscious",1
"recieve",1
"teletext",1
"faggot",1
"bani",1
"leads",1
"buttons",1
"applausestore",1
"csc",1
"monthlysubscription",1
"famous",1
"temper",1
"unconditionally",1
"bash",1
"oclock",1
"cooped",1
"cali",1
"invitation",1
"weddin",1
"alibi",1
"cage",1
"cuck",1
"paces",1
"sink",1
"surrounded",1
"deficient",1
"acknowledgement",1
"astoundingly",1
"oath",1
"tactless",1
"magic",1
"silly",1
"causes",1
"mutations",1
"sunscreen",1
"thesedays",1
"uv",1
"bao",1
"mei",1
"sugardad",1
"brownie",1
"freek",1
"icky",1
"ninish",1
"ey",1
"ridden",1
"missy",1
"goggles",1
"arguing",1
"arngd",1
"bites",1
"frnt",1
"sayin",1
"unfortuntly",1
"walkin",1
"textand",1
"jjc",1
"tendencies",1
"\pete",1
"credit\",1
"gotany",1
"meive",1
"srsly",1
"yi",1
"prix",1
"nitz",1
"stands",1
"blastin",1
"occur",1
"ocean",1
"rajnikant",1
"roses",1
"speciale",1
"xclusive",1
"zouk",1
"banter",1
"bridgwater",1
"dependents",1
"cer",1
"\happy",1
"aunties",1
"beauties",1
"handsomes",1
"hundreds",1
"friendships",1
"dismay",1
"concerned",1
"tootsie",1
"ml",1
"seventeen",1
"biola",1
"fetching",1
"restock",1
"brighten",1
"allo",1
"braved",1
"triumphed",1
"uncomfortable",1
"rough",1
"sonetimes",1
"wesleys",1
"dealers",1
"cloud",1
"wikipedia",1
"repent",1
"kama",1
"positions",1
"sutra",1
"bakra",1
"kalstiya",1
"nange",1
"carlosll",1
"lakhs",1
"\you",1
"ditto",1
"wetherspoons",1
"piggy",1
"freaky",1
"scrappy",1
"sdryb",1
"lapdancer",1
"ppmsg",1
"crying",1
"imprtant",1
"tomorw",1
"bfore",1
"cherthala",1
"engaged",1
"tmorow",1
"entrepreneurs",1
"alexs",1
"corporation",1
"dehydration",1
"fluids",1
"prevent",1
"smsd",1
"trek",1
"harri",1
"alerts",1
"cnupdates",1
"deck",1
"gage",1
"newsletter",1
"attributed",1
"shitstorm",1
"specs",1
"sth",1
"macha",1
"mindset",1
"sfine",1
"flim",1
"wondar",1
"jelly",1
"scrumptious",1
"dao",1
"jide",1
"visiting",1
"alertfrom",1
"drvgsto",1
"jeri",1
"kbsubject",1
"prescripiton",1
"stewartsize",1
"steak",1
"neglect",1
"prayers",1
"clocks",1
"hadnt",1
"realised",1
"wahay",1
"gaze",1
"tattoos",1
"caveboy",1
"acting",1
"vibrate",1
"grandmas",1
"hungover",1
"bremoved",1
"claimcode",1
"closingdate",1
"mobypobox",1
"pmmorefrommobile",1
"unclaimed",1
"faber",1
"gua",1
"dramatic",1
"hunting",1
"drunkard",1
"idc",1
"weaseling",1
"trash",1
"punish",1
"beerage",1
"randomlly",1
"fixes",1
"spelling",1
"toppoly",1
"tune",1
"fondly",1
"dogbreath",1
"sounding",1
"weighed",1
"woohoo",1
"uncountable",1
"availa",1
"thmarch",1
"\petey",1
"canlove",1
"friendsare",1
"nic\",1
"thekingshead",1
"whereare",1
"\gimme",1
"few\",1
"jx",1
"dled",1
"smokin",1
"boooo",1
"costumes",1
"yowifes",1
"notifications",1
"outbid",1
"plyr",1
"shinco",1
"simonwatson",1
"smsrewards",1
"youi",1
"dobby",1
"\boo",1
"enjoyin",1
"llspeak",1
"soonlots",1
"yourjob",1
"sips",1
"starshine",1
"smsservices",1
"yourinclusive",1
"bits",1
"turned",1
"burial",1
"rv",1
"rvx",1
"comprehensive",1
"prashanthettans",1
"doug",1
"guitar",1
"impress",1
"realizes",1
"samantha",1
"swear",1
"trauma",1
"inner",1
"tigress",1
"\ah",1
"bettersn",1
"lovejen",1
"overdose",1
"probthat",1
"urfeeling",1
"ana",1
"rto",1
"sathy",1
"spoons",1
"corvettes",1
"bunkers",1
"champneys",1
"chaps",1
"dob",1
"posh",1
"prods",1
"trial",1
"hole",1
"philosophical",1
"atleast",1
"shakespeare",1
"doit",1
"mymoby",1
"curfew",1
"getsleep",1
"gibe",1
"studdying",1
"woul",1
"massages",1
"permissions",1
"yoyyooo",1
"hussey",1
"mike",1
"faglord",1
"ctagg",1
"ctargg",1
"cttargg",1
"ctter",1
"cttergg",1
"cutter",1
"ie",1
"nutter",1
"thus",1
"grateful",1
"happier",1
"agents",1
"experiment",1
"invoices",1
"smell",1
"tobacco",1
"assumed",1
"bookmark",1
"dizzee",1
"lastest",1
"libertines",1
"marley",1
"nookii",1
"racal",1
"stereophonics",1
"strokes",1
"grinule",1
"fudge",1
"oreos",1
"zahers",1
"dieting",1
"nauseous",1
"ashleys",1
"avalarr",1
"hollalater",1
"rounds",1
"blogging",1
"blogspot",1
"magicalsongs",1
"slices",1
"kvb",1
"jy",1
"ppt",1
"alternative",1
"fro",1
"ore",1
"owo",1
"samus",1
"shoulders",1
"matthew",1
"vomitin",1
"stuffed",1
"writhing",1
"paypal",1
"pockets",1
"voila",1
"folks",1
"blown",1
"sorta",1
"applying",1
"ogunrinde",1
"secondary",1
"sophas",1
"lodging",1
"chk",1
"dict",1
"shb",1
"dobbys",1
"stories",1
"retired",1
"natwest",1
"chad",1
"christians",1
"gymnastics",1
"liking",1
"token",1
"aptitude",1
"horse",1
"wrongly",1
"biatch",1
"boggy",1
"hesitate",1
"notebook",1
"weakness",1
"carpark",1
"eightish",1
"cres",1
"ere",1
"irene",1
"sd",1
"relaxing",1
"skirt",1
"stripes",1
"escalator",1
"beth",1
"charlie",1
"syllabus",1
"bluetoothhdset",1
"doublemins",1
"doubletxt",1
"panasonic",1
"erode",1
"kolathupalayam",1
"poyyarikatur",1
"unjalur",1
"apt",1
"hero",1
"meat",1
"supreme",1
"bakrid",1
"ctla",1
"cudnt",1
"ente",1
"ishtamayoo",1
"coaxing",1
"cougar",1
"finds",1
"fond",1
"glorious",1
"images",1
"souveniers",1
"scratches",1
"nanny",1
"defo",1
"hardest",1
"lekdog",1
"millions",1
"shitin",1
"blankets",1
"atten",1
"analysis",1
"data",1
"belligerent",1
"ink",1
"les",1
"rudi",1
"snoring",1
"howre",1
"throwing",1
"finalise",1
"flirtparty",1
"replys",1
"dentist",1
"lul",1
"nurses",1
"obese",1
"oyea",1
"ami",1
"iccha",1
"kaaj",1
"kicchu",1
"korche",1
"korte",1
"parchi",1
"tul",1
"copies",1
"sculpture",1
"pokkiri",1
"surya",1
"attraction",1
"makiing",1
"praises",1
"proove",1
"sambar",1
"sorrows",1
"conected",1
"needle",1
"spatula",1
"calis",1
"complexities",1
"freely",1
"outrageous",1
"taxes",1
"ryder",1
"elvis",1
"presleys",1
"postal",1
"strips",1
"cliff",1
"gifts",1
"wrking",1
"drops",1
"sittin",1
"hen",1
"smoked",1
"teju",1
"hourish",1
"amla",1
"convenience",1
"evaluation",1
"chatter",1
"rcd",1
"swap",1
"cheyyamo",1
"brothers",1
"throws",1
"errors",1
"piah",1
"tau",1
"stchoice",1
"shades",1
"copied",1
"marketing",1
"notified",1
"sexual",1
"theirs",1
"virgins",1
"kaitlyn",1
"sitter",1
"comment",1
"danger",1
"peeps",1
"veggie",1
"neighbors",1
"computerless",1
"balloon",1
"melody",1
"macs",1
"hme",1
"velachery",1
"flippin",1
"breaking",1
"cstore",1
"hangin",1
"lodge",1
"quizzes",1
"worrying",1
"arguments",1
"fed",1
"himso",1
"thin",1
"semi",1
"apr",1
"exp",1
"maaaan",1
"guessin",1
"ilol",1
"personally",1
"wuldnt",1
"lunchtime",1
"organise",1
"passable",1
"phd",1
"prakesh",1
"aging",1
"betta",1
"products",1
"accommodation",1
"global",1
"phb",1
"submitting",1
"snatch",1
"basq",1
"dancce",1
"dnot",1
"drum",1
"edrunk",1
"iff",1
"ihave",1
"nhite",1
"pthis",1
"ros",1
"senrd",1
"xxxxxxx\",1
"relieved",1
"westonzoyland",1
"greatness",1
"mc",1
"ava",1
"everythin",1
"goodtime",1
"ifink",1
"melnite",1
"oli",1
"bian",1
"exhibition",1
"glass",1
"shun",1
"el",1
"himself",1
"nino",1
"downstem",1
"wahala",1
"acid",1
"evil",1
"inperialmusic",1
"insects",1
"leafcutter",1
"molested",1
"plumbing",1
"remixed",1
"bellearlier",1
"didntgive",1
"cheery",1
"weirdo",1
"profiles",1
"stalk",1
"deposit",1
"pax",1
"jap",1
"disappeared",1
"certificate",1
"publish",1
"wheellock",1
"destination",1
"fifty",1
"happenin",1
"settling",1
"cocksuckers",1
"ipads",1
"novelty",1
"worthless",1
"janx",1
"designation",1
"developer",1
"musicnews",1
"videosound",1
"videosounds",1
"spirit",1
"shattered",1
"girlie",1
"darker",1
"styling",1
"gray",1
"listn",1
"watevr",1
"minus",1
"paragraphs",1
"coveragd",1
"vasai",1
"retard",1
"bathroom",1
"sang",1
"uptown",1
"icic",1
"syria",1
"gauge",1
"pattys",1
"completing",1
"ax",1
"emergency",1
"surgical",1
"unfolds",1
"korean",1
"leonas",1
"fredericksburg",1
"buen",1
"pases",1
"que",1
"tiempo",1
"compass",1
"gnun",1
"baaaaabe",1
"misss",1
"youuuuu",1
"convince",1
"witot",1
"buyer",1
"avoids",1
"becz",1
"suffer",1
"undrstndng",1
"steamboat",1
"forgive",1
"tp",1
"bbq",1
"everyso",1
"panicks",1
"nick",1
"types",1
"auntie",1
"huai",1
"\paths",1
"appear",1
"path",1
"reserve",1
"tackle",1
"thirunelvali",1
"tonght",1
"chinky",1
"ironing",1
"pile",1
"ploughing",1
"nz",1
"wi",1
"aust",1
"bk",1
"recharged",1
"papa",1
"detailed",1
"losers",1
"beta",1
"noncomittal",1
"chords",1
"snickering",1
"\speak",1
"boyf",1
"interviw",1
"\smokes",1
"determine",1
"entire",1
"spreadsheet",1
"dartboard",1
"doubles",1
"trebles",1
"alone\",1
"recognises",1
"wisheds",1
"duo",1
"intrepid",1
"\goodmorning",1
"breeze",1
"fresh",1
"twittering",1
"chinchillas",1
"ducking",1
"function",1
"headstart",1
"rummer",1
"flying",1
"bbc",1
"charts",1
"optin",1
"rajini",1
"matched",1
"summers",1
"spys",1
"offering",1
"astne",1
"bilo",1
"edhae",1
"halla",1
"innu",1
"mundhe",1
"ovr",1
"vargu",1
"yalru",1
"prone",1
"latests",1
"llc",1
"ny",1
"usa",1
"permission",1
"cumin",1
"meetins",1
"dose",1
"tablet",1
"incomm",1
"maps",1
"concentrating",1
"tiring",1
"browsin",1
"compulsory",1
"investigate",1
"vitamin",1
"crucial",1
"someones",1
"leadership",1
"psychic",1
"skills",1
"based",1
"host",1
"idps",1
"linux",1
"systems",1
"converter",1
"sayy",1
"leanne",1
"disc",1
"champ",1
"glasgow",1
"lovin",1
"artists",1
"browse",1
"install",1
"corect",1
"speling",1
"cts",1
"employee",1
"nike",1
"sooo",1
"shouting",1
"dang",1
"earliest",1
"nordstrom",1
"conference",1
"degree",1
"bleak",1
"shant",1
"nearer",1
"raiden",1
"totes",1
"cardin",1
"pierre",1
"establish",1
"ext",1
"truro",1
"cloth",1
"sunroof",1
"blanked",1
"image",1
"kalainar",1
"thenampet",1
"freaked",1
"nosy",1
"reacting",1
"destiny",1
"imposter",1
"satanic",1
"aaniye",1
"athletic",1
"chef",1
"companion",1
"courageous",1
"dependable",1
"determined",1
"exterminator",1
"healer",1
"listener",1
"organizer",1
"pest",1
"psychiatrist",1
"psychologist",1
"pudunga",1
"stylist",1
"sympathetic",1
"venaam",1
"chez",1
"jules",1
"hhahhaahahah",1
"leonardo",1
"nig",1
"dereks",1
"strain",1
"anyhow",1
"withdraw",1
"millers",1
"rawring",1
"spark",1
"xoxo",1
"crushes",1
"somewhr",1
"honeymoon",1
"outfit",1
"cheque",1
"olympics",1
"leo",1
"haul",1
"patty",1
"wildlife",1
"wizzle",1
"worzels",1
"cya",1
"shanghai",1
"pro",1
"redeemable",1
"rt",1
"thnx",1
"anjie",1
"sef",1
"fring",1
"nte",1
"talents",1
"animal",1
"shiny",1
"warming",1
"fooled",1
"french",1
"\suppliers\",1
"companies",1
"responsible",1
"lnly",1
"keen",1
"dammit",1
"wright",1
"laden",1
"somewhat",1
"wrecked",1
"goodevening",1
"spontaneously",1
"rgent",1
"busty",1
"daytime",1
"janinexx",1
"spageddies",1
"dimension",1
"fourth",1
"phasing",1
"compromised",1
"meaningful",1
"mobsi",1
"dub",1
"je",1
"toughest",1
"squatting",1
"digits",1
"soladha",1
"sonathaya",1
"dudes",1
"raping",1
"weightloss",1
"embarrassed",1
"mushy",1
"stash",1
"priya",1
"kilos",1
"accidant",1
"ghodbandar",1
"slovely",1
"tookplace",1
"sc",1
"specialise",1
"wad",1
"desparately",1
"mi",1
"stereo",1
"classmates",1
"fires",1
"trackmarque",1
"missionary",1
"entertaining",1
"hugh",1
"laurie",1
"praps",1
"dinero",1
"jon",1
"pes",1
"spain",1
"\alrite",1
"complaining",1
"fm",1
"hotmix",1
"mandy",1
"sullivan",1
"transferred",1
"finns",1
"\ey",1
"downon",1
"haventcn",1
"itxt",1
"iwana",1
"nething",1
"theacusations",1
"thew",1
"wotu",1
"dine",1
"conacted",1
"inspection",1
"nursery",1
"panren",1
"paru",1
"bac",1
"carryin",1
"chuckin",1
"trainners",1
"dhanush",1
"needing",1
"habba",1
"dileep",1
"mentioned",1
"muchand",1
"venugopal",1
"everytime",1
"remembrs",1
"algorithms",1
"edition",1
"textbook",1
"cro",1
"careabout",1
"intend",1
"itried",1
"iwas",1
"marine",1
"urmom",1
"learned",1
"afghanistan",1
"honest",1
"iraq",1
"stable",1
"traveling",1
"pai",1
"seh",1
"parts",1
"\getting",1
"terry\",1
"tue",1
"walsall",1
"ccna",1
"shrek",1
"fellow",1
"somethings",1
"dying",1
"lifting",1
"aid",1
"bam",1
"dec",1
"teresa",1
"usmle",1
"yould",1
"mwahs",1
"squishy",1
"hottest",1
"cheek",1
"prominent",1
"september",1
"backdoor",1
"dps",1
"fraction",1
"hack",1
"neo",1
"\are",1
"comingdown",1
"murali",1
"sts",1
"elliot",1
"engalnd",1
"kissing",1
"mia",1
"btooth",1
"wv",1
"matric",1
"fedex",1
"payments",1
"reception",1
"consensus",1
"entertain",1
"bras",1
"pillows",1
"strewn",1
"tag",1
"exposes",1
"pulls",1
"weaknesses",1
"wicked",1
"srt",1
"supports",1
"jontin",1
"banned",1
"biro",1
"unconsciously",1
"unhappy",1
"jog",1
"lark",1
"stations",1
"extreme",1
"sic",1
"fones",1
"wild",1
"lim",1
"parachute",1
"placed",1
"lambda",1
"angels",1
"snowball",1
"ello",1
"duffer",1
"grr",1
"pharmacy",1
"cnl",1
"rpl",1
"nor",1
"fffff",1
"lifebook",1
"act",1
"qing",1
"zhong",1
"hypertension",1
"annoyin",1
"vpod",1
"nigro",1
"scratching",1
"anyplaces",1
"\find",1
"priority",1
"ecstasy",1
"minapn",1
"minded",1
"hittng",1
"reflex",1
"adewale",1
"egbon",1
"mary",1
"deduct",1
"wrks",1
"asshole",1
"monkey",1
"grab",1
"sliding",1
"payback",1
"tescos",1
"bowa",1
"feathery",1
"infra",1
"gep",1
"fifa",1
"shhhhh",1
"arul",1
"related",1
"amk",1
"length",1
"antha",1
"corrct",1
"dane",1
"baskets",1
"rupaul",1
"curtsey",1
"practising",1
"\yeh",1
"memory",1
"converted",1
"african",1
"soil",1
"outreach",1
"roles",1
"brilliantly",1
"lb",1
"forwarding",1
"intention",1
"visitors",1
"bend",1
"inlude",1
"previews",1
"rules",1
"thia",1
"ambrith",1
"dha",1
"madurai",1
"marrge",1
"kitty",1
"shaved",1
"anybodys",1
"tactful",1
"pert",1
"crammed",1
"satsgettin",1
"apologize",1
"pei",1
"subtoitles",1
"jot",1
"cereals",1
"gari",1
"cast",1
"thkin",1
"resubbing",1
"shadow",1
"breadstick",1
"saeed",1
"brown",1
"purple",1
"yelow",1
"arranging",1
"eldest",1
"drugdealer",1
"wither",1
"wondarfull",1
"txtx",1
"donyt",1
"latelyxxx",1
"onbus",1
"\alright",1
"stressed",1
"provider",1
"soooo",1
"cutest",1
"dice",1
"howda",1
"mathe",1
"samachara",1
"audrie",1
"autocorrect",1
"readiness",1
"simulate",1
"lara",1
"supplies",1
"attach",1
"guesses",1
"nickey",1
"nobbing",1
"platt",1
"washob",1
"ryan",1
"province",1
"spotty",1
"sterling",1
"hall",1
"hesitation",1
"intha",1
"ipaditan",1
"ponnungale",1
"rejected",1
"noisy",1
"needa",1
"manual",1
"reset",1
"troubleshooting",1
"marsms",1
"utele",1
"creativity",1
"stifled",1
"strongly",1
"requirements",1
"getha",1
"buffy",1
"qlynnbv",1
"nosh",1
"lololo",1
"waaaat",1
"occupied",1
"tables",1
"documents",1
"stapati",1
"submitted",1
"cutie",1
"hills",1
"honesty",1
"beggar",1
"labor",1
"shakara",1
"specialisation",1
"dent",1
"crickiting",1
"\can",1
"dontmatter",1
"imin",1
"outl",1
"urgoin",1
"yavnt",1
"ibuprofens",1
"popping",1
"sip",1
"grown",1
"beehoon",1
"chinatown",1
"claypot",1
"fishhead",1
"porridge",1
"yam",1
"jaklin",1
"cliffs",1
"nearby",1
"avble",1
"bundle",1
"deals",1
"mf",1
"moseley",1
"ooh",1
"weds",1
"thankyou",1
"\valentines",1
"aluable",1
"atural",1
"ffectionate",1
"namous",1
"ntimate",1
"oble",1
"oveable",1
"ruthful",1
"ternal",1
"textin",1
"amigos",1
"burn",1
"progress",1
"werent",1
"arty",1
"collages",1
"tryin",1
"waliking",1
"cartons",1
"shelves",1
"mirror",1
"jod",1
"keris",1
"smidgin",1
"intentions",1
"accordin",1
"knocking",1
"\si",1
"abel",1
"aphex",1
"braindance",1
"como",1
"hilarious",1
"listened",1
"ofstuff",1
"plaid",1
"bbs",1
"nelson",1
"unmits",1
"newspapers",1
"yummmm",1
"puzzeles",1
"goten",1
"scammers",1
"dena",1
"passion",1
"raised",1
"shifad",1
"doctors",1
"reminds",1
"\hurt",1
"splashmobile",1
"subscrition",1
"dust",1
"watchin",1
"meaningless",1
"alls",1
"brdget",1
"jones",1
"inever",1
"hype",1
"studio",1
"velly",1
"marking",1
"stoptx",1
"va",1
"hanger",1
"arrow",1
"blanket",1
"dozens",1
"prizeswith",1
"tddnewsletter",1
"thedailydraw",1
"significant",1
"hum",1
"jeetey",1
"kisi",1
"ko",1
"kuch",1
"milta",1
"naseeb",1
"pehle",1
"sochte",1
"waqt",1
"zyada",1
"stalking",1
"reminded",1
"elaya",1
"varaya",1
"anand",1
"beach",1
"expected",1
"\aww",1
"jez",1
"todo",1
"whilltake",1
"workand",1
"zogtorius",1
"financial",1
"alian",1
"tooth",1
"century",1
"frwd",1
"posible",1
"affectionate",1
"sorts",1
"buddys",1
"restrictions",1
"owned",1
"possessive",1
"clarification",1
"coimbatore",1
"monoc",1
"monos",1
"polyc",1
"stream",1
"categories",1
"census",1
"ethnicity",1
"transcribing",1
"cakes",1
"draws",1
"asusual",1
"cheered",1
"franyxxxxx",1
"goodmate",1
"batt",1
"becausethey",1
"gained",1
"limits",1
"pressure",1
"doke",1
"laying",1
"neshanth",1
"byatch",1
"whassup",1
"cl",1
"filthyguys",1
"chiong",1
"dialogue",1
"reltnship",1
"aww",1
"comb",1
"dryer",1
"pose",1
"fps",1
"computational",1
"disturbance",1
"dlf",1
"premarica",1
"gotto",1
"err",1
"hitter",1
"anjolas",1
"offline",1
"asjesus",1
"blocked",1
"corrupt",1
"crore",1
"crore\",1
"deposited",1
"directors",1
"imf",1
"itna",1
"karo",1
"ki",1
"lac",1
"padhe",1
"projects",1
"pura",1
"suply",1
"taxless",1
"particularly",1
"slowing",1
"torrents",1
"commit",1
"trivia",1
"rightio",1
"brum",1
"scorable",1
"paranoid",1
"brin",1
"sheet",1
"bettr",1
"bsnl",1
"complain",1
"offc",1
"payed",1
"suganya",1
"dessert",1
"abeg",1
"sponsors",1
"onum",1
"imagination",1
"poet",1
"famamus",1
"jenne",1
"locks",1
"barcelona",1
"easiest",1
"sppok",1
"complementary",1
"jungle",1
"pansy",1
"kanji",1
"srs",1
"drizzling",1
"appointments",1
"excused",1
"drama",1
"ego",1
"necessity",1
"reppurcussions",1
"struggling",1
"cosign",1
"hvae",1
"freshers",1
"hcl",1
"requires",1
"suman",1
"telephonic",1
"reliant",1
"afford",1
"fwiw",1
"arrival",1
"sq",1
"citylink",1
"props",1
"pleasant",1
"statements",1
"bognor",1
"splendid",1
"ktv",1
"misplaced",1
"computers",1
"begun",1
"permanent",1
"registration",1
"residency",1
"risks",1
"accumulation",1
"predicting",1
"programs",1
"belongs",1
"concern",1
"fated",1
"fuelled",1
"grief",1
"prior",1
"shoranur",1
"burnt",1
"honestly",1
"promptly",1
"quizclub",1
"rwm",1
"snap",1
"connected",1
"gmw",1
"someplace",1
"goods",1
"pressies",1
"achieve",1
"korli",1
"motive",1
"tor",1
"tui",1
"ultimately",1
"dabbles",1
"dock",1
"flute",1
"newscaster",1
"rolled",1
"wheel",1
"keyword",1
"october",1
"aspects",1
"elaborating",1
"safety",1
"tarot",1
"ours",1
"horniest",1
"cysts",1
"developed",1
"flow",1
"ovarian",1
"shrink",1
"grams",1
"upping",1
"timin",1
"apes",1
"ibm",1
"gosh",1
"spose",1
"rimac",1
"arestaurant",1
"dosomething",1
"squid",1
"dabooks",1
"eachother",1
"luckily",1
"starring",1
"restocked",1
"stoptxtstop",1
"tkls",1
"challenging",1
"smoothly",1
"breakfast",1
"hamper",1
"above",1
"\polys\",1
"unni",1
"dramastorms",1
"lacking",1
"particular",1
"forfeit",1
"coupla",1
"digi",1
"sundayish",1
"prasad",1
"battle",1
"kochi",1
"rcb",1
"checkup",1
"smear",1
"gobi",1
"technologies",1
"argentina",1
"olowoyey",1
"lool",1
"massage",1
"pos",1
"taxt",1
"tie",1
"taylors",1
"shaking",1
"scarcasim",1
"eruku",1
"naal",1
"impressively",1
"sensible",1
"obedient",1
"combination",1
"ft",1
"needy",1
"playng",1
"ab",1
"jorge",1
"mcfly",1
"sara",1
"yupz",1
"der",1
"ericson",1
"luks",1
"modl",1
"cheesy",1
"frosty",1
"witin",1
"fans",1
"nnfwfly",1
"nudist",1
"themed",1
"pump",1
"signal",1
"unusual",1
"palm",1
"handing",1
"printing",1
"stated",1
"dd",1
"perpetual",1
"flung",1
"pract",1
"brains",1
"justbeen",1
"mush",1
"overa",1
"tunde",1
"missions",1
"aq",1
"avo",1
"crashed",1
"cuddled",1
"chachi",1
"kanagu",1
"pl",1
"tiz",1
"prices",1
"brats",1
"houseful",1
"pulling",1
"ringing",1
"abusers",1
"derp",1
"lipo",1
"netflix",1
"clash",1
"arr",1
"oscar",1
"firefox",1
"rebtel",1
"bcmsfwc",1
"funs",1
"impressed",1
"coca",1
"cola",1
"footy",1
"large",1
"stadium",1
"teenager",1
"replacing",1
"mittelschmertz",1
"paracetamol",1
"arrived",1
"conclusion",1
"cthen",1
"references",1
"instant",1
"rugby",1
"affidavit",1
"courtroom",1
"twiggs",1
"golden",1
"possessiveness",1
"poured",1
"showers",1
"lasting",1
"crazyin",1
"finest",1
"mobs",1
"sleepingwith",1
"ymca",1
"weiyi",1
"wtc",1
"flowers",1
"paining",1
"outgoing",1
"presence",1
"romcapspam",1
"maggi",1
"mee",1
"cough",1
"pooja",1
"sweatter",1
"ambitious",1
"miiiiiiissssssssss",1
"tunji",1
"frndz",1
"misscall",1
"tall",1
"avenge",1
"robs",1
"choices",1
"gudni",1
"toss",1
"dancin",1
"explicitly",1
"nora",1
"gayle",1
"crucify",1
"butting",1
"vs",1
"cedar",1
"durham",1
"reserved",1
"sf",1
"stopbcm",1
"wall",1
"groovy",1
"groovying",1
"printer",1
"acnt",1
"harishs",1
"transfred",1
"shaping",1
"showrooms",1
"attending",1
"doinat",1
"callon",1
"rons",1
"pdate",1
"yhl",1
"configure",1
"anal",1
"pears",1
"oooooh",1
"such",1
"expiry",1
"resubmit",1
"mint",1
"humans",1
"studyn",1
"everyboy",1
"xxxxxxxx",1
"answr",1
"liquor",1
"loko",1
"lined",1
"\wow",1
"laughs",1
"fireplace",1
"icon",1
"fifth",1
"weasels",1
"woozles",1
"machines",1
"ignorant",1
"mys",1
"downs",1
"fletcher",1
"bowls",1
"cozy",1
"buzzzz",1
"shake",1
"vibrator",1
"cons",1
"description",1
"fusion",1
"iter",1
"jet",1
"nuclear",1
"pros",1
"trends",1
"\none",1
"doesdiscount",1
"ikno",1
"nowhere",1
"shitinnit\",1
"jabo",1
"maniac",1
"slower",1
"agidhane",1
"chinnu",1
"hogidhe",1
"manege",1
"sapna",1
"swalpa",1
"yday",1
"crckt",1
"footbl",1
"swell",1
"bollox",1
"tim",1
"tol",1
"ingredients",1
"pocy",1
"non",1
"qf",1
"senor",1
"giggle",1
"nvq",1
"possibly",1
"professional",1
"tiger",1
"woods",1
"grinder",1
"buyers",1
"figuring",1
"entirely",1
"disconnected",1
"matters",1
"offcampus",1
"onluy",1
"rileys",1
"ew",1
"howve",1
"wesley",1
"lingo",1
"lm",1
"chrgd",1
"exit",1
"afternoons",1
"approaching",1
"childrens",1
"dasara",1
"festival",1
"fools",1
"independence",1
"mornings",1
"rememberi",1
"republic",1
"sankranti",1
"shivratri",1
"teachers",1
"ugadi",1
"daywith",1
"greeting",1
"lifeis",1
"somewheresomeone",1
"tosend",1
"selflessness",1
"initiate\",1
"tallent",1
"wasting",1
"portal",1
"lennon",1
"bothering",1
"dwn",1
"fox",1
"frndsship",1
"slaaaaave",1
"summon",1
"appendix",1
"slob",1
"\how",1
"smiled",1
"webpage",1
"yeesh",1
"gotbabes",1
"hunks",1
"subscriptions",1
"unsubscribed",1
"gopalettan",1
"participate",1
"abroad",1
"stopcost",1
"xxsp",1
"agent",1
"goodies",1
"mat",1
"ay",1
"steal",1
"isaiah",1
"expert",1
"thinl",1
"importantly",1
"tightly",1
"alwa",1
"fal",1
"fals",1
"madodu",1
"nammanna",1
"nav",1
"pretsorginta",1
"pretsovru",1
"wnevr",1
"yen",1
"lord",1
"rings",1
"soundtrack",1
"stdtxtrate",1
"phyhcmk",1
"sg",1
"emigrated",1
"hopeful",1
"olol",1
"stagwood",1
"victors",1
"winterstone",1
"jp",1
"mofo",1
"enketa",1
"maraikara",1
"pathaya",1
"priest",1
"reserves",1
"intrude",1
"walkabout",1
"announced",1
"blog",1
"cashed",1
"footie",1
"neville",1
"phil",1
"abbey",1
"returning",1
"punj",1
"classic",1
"sacked",1
"clip",1
"mmsto",1
"barred",1
"decking",1
"dungerees",1
"punch",1
"twat",1
"mentionned",1
"vat",1
"eerulli",1
"hogli",1
"hogolo",1
"kodstini",1
"kodthini",1
"madstini",1
"mutai",1
"\shit",1
"messed",1
"thasa",1
"countinlots",1
"likeyour",1
"mecause",1
"okden",1
"tex",1
"uin",1
"updat",1
"werebored",1
"tagged",1
"casing",1
"hdd",1
"opened",1
"describe",1
"asus",1
"reformat",1
"plumbers",1
"wrench",1
"bcum",1
"appeal",1
"director",1
"thriller",1
"elephant",1
"shove",1
"um",1
"pookie",1
"nri",1
"deserve",1
"diddy",1
"neighbor",1
"toothpaste",1
"poking",1
"coccooning",1
"mus",1
"newquay",1
"talkin",1
"divorce",1
"windy",1
"tirunelvai",1
"dusk",1
"puzzles",1
"phews",1
"stairs",1
"earning",1
"recycling",1
"toledo",1
"feng",1
"reservations",1
"tai",1
"swimsuit",1
"frndshp",1
"luvd",1
"squeeeeeze",1
"arise",1
"aroundn",1
"disasters",1
"erupt",1
"hurricanes",1
"sway",1
"volcanoes",1
"lighters",1
"lasagna",1
"chickened",1
"woould",1
"bhayandar",1
"peripherals",1
"raviyog",1
"sunoco",1
"musical",1
"leftovers",1
"plate",1
"starving",1
"fatty",1
"badrith",1
"owe",1
"checkin",1
"nic",1
"armenia",1
"swann",1
"\wylie",1
"justify",1
"hunt",1
"hava",1
"adrian",1
"rct",1
"thnq",1
"vatian",1
"babysitting",1
"everyones",1
"itll",1
"aboutas",1
"asthere",1
"breakin",1
"buttheres",1
"gonnamissu",1
"merememberin",1
"ofsi",1
"yaxx",1
"bajarangabali",1
"dodda",1
"hanuman",1
"hanumanji",1
"idu",1
"inde",1
"ivatte",1
"janarige",1
"kalisidare",1
"keluviri",1
"mahaveer",1
"maretare",1
"maruti",1
"matra",1
"nalli",1
"neglet",1
"odalebeku",1
"olage",1
"ondu",1
"pavanaputra",1
"poortiyagi",1
"problum",1
"ramaduth",1
"sankatmochan",1
"siguviri",1
"ijust",1
"talked",1
"opps",1
"tts",1
"dl",1
"gei",1
"tron",1
"spiffing",1
"workage",1
"craving",1
"babysit",1
"supose",1
"embassy",1
"spaces",1
"checkboxes",1
"lightly",1
"batsman",1
"yettys",1
"emailed",1
"yifeng",1
"slurp",1
"theyll",1
"ing",1
"barolla",1
"brainless",1
"doll",1
"madoke",1
"sariyag",1
"vehicle",1
"postponed",1
"stocked",1
"tears",1
"tiime",1
"afternon",1
"interviews",1
"resizing",1
"opposed",1
"refunded",1
"shortcode",1
"somerset",1
"nigpun",1
"overtime",1
"dismissial",1
"screwd",1
"bull",1
"floating",1
"heehee",1
"arithmetic",1
"percentages",1
"\sometimes",1
"chillaxin",1
"das",1
"iknow",1
"peril",1
"studentfinancial",1
"wellda",1
"monster",1
"obey",1
"uhhhhrmm",1
"deltomorrow",1
"landlineonly",1
"smartcall",1
"subscriptn",1
"orno",1
"carlie",1
"fink",1
"lkpobox",1
"minmobsmore",1
"promised",1
"athome",1
"youphone",1
"youwanna",1
"helpful",1
"hypotheticalhuagauahahuagahyuhagga",1
"jack",1
"pretend",1
"brainy",1
"affections",1
"celebrated",1
"occasion",1
"reflection",1
"traditions",1
"values",1
"anythingtomorrow",1
"aretaking",1
"cantdo",1
"katexxx\",1
"myparents",1
"outfor",1
"level",1
"gate",1
"bridal",1
"lingerie",1
"petticoatdreams",1
"weddingfriend",1
"board",1
"inst",1
"overheating",1
"reslove",1
"western",1
"amplikater",1
"atrocious",1
"bambling",1
"champlaxigating",1
"entropication",1
"fidalfication",1
"junna",1
"laxinorficated",1
"masteriastering",1
"notixiquating",1
"oblisingately",1
"opted",1
"wotz",1
"knickers",1
"nikiyu",1
"divert",1
"wadebridge",1
"orc",1
"vill",1
"seeking",1
"wherres",1
"frank",1
"resolution",1
"logoff",1
"parkin",1
"asa",1
"charming",1
"mention",1
"served",1
"arnt",1
"xxxxxxxxxxxxxx",1
"dorothy",1
"allalo",1
"alle",1
"eppolum",1
"mone",1
"\walk",1
"fundamentals",1
"dooms",1
"optical",1
"pixels",1
"js",1
"noi",1
"petey",1
"burgundy",1
"captaining",1
"amrita",1
"bpo",1
"profile",1
"nighters",1
"persevered",1
"regretted",1
"pmt",1
"shldxxxx",1
"spouse",1
"scenario",1
"thatd",1
"spun",1
"wrld",1
"bhamb",1
"ppmpobox",1
"xe",1
"pounded",1
"broadband",1
"installation",1
"tensed",1
"coughing",1
"sprint",1
"warned",1
"gower",1
"chik",1
"filth",1
"saristar",1
"yt",1
"mobcudb",1
"wire",1
"sabarish",1
"flea",1
"inpersonation",1
"banneduk",1
"highest",1
"maximum",1
"nys",1
"arises",1
"facts",1
"hari",1
"known",1
"lesser",1
"shahjahan",1
"shahjahans",1
"taj",1
"wifes",1
"rtf",1
"sphosting",1
"geting",1
"webadres",1
"passport",1
"independently",1
"multiply",1
"showed",1
"twins",1
"ltdhelpdesk",1
"strt",1
"cyclists",1
"equally",1
"pesky",1
"uneventful",1
"adi",1
"entey",1
"kittum",1
"nattil",1
"hire",1
"hitman",1
"conserve",1
"cps",1
"outages",1
"voted",1
"epi",1
"bare",1
"bhaskar",1
"gong",1
"kaypoh",1
"basketball",1
"outdoors",1
"interfued",1
"listed",1
"apology",1
"forth",1
"harlem",1
"hustle",1
"fats",1
"workout",1
"zac",1
"hui",1
"xin",1
"versus",1
"underdtand",1
"\me",1
"locaxx\",1
"muchxxlove",1
"bandages",1
"skateboarding",1
"thrown",1
"winds",1
"\stop",1
"html",1
"mfl",1
"mix\",1
"hectic",1
"doggin",1
"dogs",1
"wamma",1
"virtual",1
"apnt",1
"pants",1
"lanka",1
"sri",1
"gudnyt",1
"merely",1
"relationship",1
"wherevr",1
"plum",1
"smacks",1
"alot",1
"formatting",1
"attracts",1
"promotion",1
"couldn",1
"lancaster",1
"neway",1
"soc",1
"advising",1
"bsn",1
"lobby",1
"erything",1
"showered",1
"lubly",1
"catches",1
"domain",1
"nusstu",1
"specify",1
"bari",1
"ertini",1
"hudgi",1
"pataistha",1
"yorge",1
"hasbro",1
"hoops",1
"jump",1
"ummifying",1
"associate",1
"rip",1
"uterus",1
"jacuzzi",1
"txtstar",1
"wildest",1
"aldrine",1
"rtm",1
"sources",1
"unhappiness",1
"colleg",1
"espell",1
"events",1
"functions",1
"hwd",1
"irritated",1
"necesity",1
"takecare",1
"watll",1
"witout",1
"wrd",1
"wth",1
"wthout",1
"univ",1
"burrito",1
"rajas",1
"stitch",1
"trouser",1
"cheetos",1
"shangela",1
"synced",1
"passes",1
"poo",1
"gloucesterroad",1
"uup",1
"ouch",1
"forgiveness",1
"glo",1
"wlcome",1
"timi",1
"fishrman",1
"sack",1
"strtd",1
"throwin",1
"mobstorequiz",1
"physics",1
"delicious",1
"praveesh",1
"beers",1
"salad",1
"whore",1
"\get",1
"jocks",1
"scallies",1
"skins",1
"twinks",1
"flood",1
"beads",1
"nitro",1
"section",1
"wishlist",1
"comfort",1
"sold",1
"armands",1
"creative",1
"getiing",1
"reffering",1
"brownies",1
"weirdy",1
"restrict",1
"audrey",1
"greece",1
"recorded",1
"someday",1
"grandfather",1
"november",1
"spot",1
"yuou",1
"bunch",1
"lotto",1
"purchases",1
"authorise",1
"gimmi",1
"goss",1
"ystrday",1
"chile",1
"subletting",1
"ammae",1
"steering",1
"anythings",1
"sleeps",1
"required",1
"rounder",1
"batchlor",1
"ji",1
"lambu",1
"zoom",1
"cncl",1
"stopcs",1
"ecef",1
"ff",1
"jul",1
"chg",1
"cst",1
"xafter",1
"enemies",1
"hearted",1
"pure",1
"smiley",1
"gail",1
"tr",1
"yaxxx",1
"theoretically",1
"hooked",1
"formally",1
"more\",1
"multimedia",1
"accounting",1
"agency",1
"delayed",1
"housing",1
"renting",1
"vague",1
"nicky",1
"presents",1
"gumbys",1
"alto",1
"sized",1
"springs",1
"tarpon",1
"cab",1
"steps",1
"limited",1
"hf",1
"radiator",1
"proper",1
"tongued",1
"shorts",1
"qi",1
"suddenly",1
"flurries",1
"babygoodbye",1
"dontcha",1
"golddigger",1
"pushbutton",1
"webeburnin",1
"perform",1
"cards",1
"rebooting",1
"nigh",1
"cable",1
"nooooooo",1
"outage",1
"sos",1
"playin",1
"guoyang",1
"dengra",1
"rahul",1
"antelope",1
"contention",1
"fieldof",1
"selfindependence",1
"toplay",1
"\crazy\",1
"barkleys",1
"gnarls",1
"borderline",1
"nightnight",1
"possibility",1
"grooved",1
"mising",1
"secured",1
"unsecured",1
"eckankar",1
"fakeyes",1
"lanre",1
"degrees",1
"dodgey",1
"asssssholeeee",1
"seing",1
"buddy",1
"ceri",1
"dreamz",1
"rebel",1
"nationwide",1
"newport",1
"juliana",1
"nachos",1
"dizzamn",1
"suitemates",1
"nimbomsons",1
"continent",1
"emerging",1
"fiend",1
"hesitant",1
"impede",1
"thousad",1
"essay",1
"nose",1
"tram",1
"vic",1
"coherently",1
"echo",1
"triple",1
"\gran",1
"afew",1
"cusoon",1
"honi\",1
"onlyfound",1
"southern",1
"macleran",1
"rayan",1
"balls",1
"mandara",1
"olave",1
"trishul",1
"hoo",1
"woo",1
"panties",1
"thout",1
"carlin",1
"flatter",1
"pints",1
"ciao",1
"starve",1
"impression",1
"darkness",1
"motivate",1
"wknd",1
"heltini",1
"iyo",1
"shared",1
"trusting",1
"uttered",1
"yalrigu",1
"noice",1
"esaplanade",1
"accessible",1
"occurs",1
"enna",1
"kalaachutaarama",1
"coco",1
"sporadically",1
"ldns",1
"kath",1
"manchester",1
"persolvo",1
"tbs",1
"burden",1
"noworriesloans",1
"harder",1
"nbme",1
"sickness",1
"villa",1
"gam",1
"religiously",1
"smash",1
"heroes",1
"tips",1
"muhommad",1
"penny",1
"fiting",1
"load",1
"mj",1
"elaborate",1
"unconvinced",1
"willpower",1
"\life",1
"absence",1
"everything\",1
"answerin",1
"evey",1
"prin",1
"gigolo",1
"gsoh",1
"mens",1
"mjzgroup",1
"oncall",1
"spam",1
"ashwini",1
"ukp",1
"casting",1
"skinny",1
"thet",1
"elections",1
"shouldn",1
"amrca",1
"camp",1
"hlday",1
"serena",1
"prescribed",1
"meatballs",1
"approve",1
"panalam",1
"spjanuary",1
"fortune",1
"allday",1
"perf",1
"outsider",1
"familiar",1
"depression",1
"infact",1
"band",1
"simpsons",1
"kip",1
"shite",1
"hont",1
"amanda",1
"regard",1
"renewing",1
"subject",1
"upgrading",1
"nannys",1
"perspective",1
"puts",1
"conveying",1
"debating",1
"wtlp",1
"jb",1
"florida",1
"hidden",1
"teams",1
"swhrt",1
"ez",1
"general",1
"jetton",1
"cmon",1
"replies",1
"dealer",1
"lunsford",1
"enjoying",1
"prizeawaiting",1
"gravy",1
"kfc",1
"meals",1
"attended",1
"mw",1
"tuth",1
"mines",1
"eviction",1
"michael",1
"riddance",1
"spiral",1
"suffers",1
"closeby",1
"cricket",1
"edward",1
"raglan",1
"skye",1
"bookedthe",1
"hut",1
"drastic",1
"garments",1
"arab",1
"eshxxxxxxxxxxx",1
"sez",1
"bimbo",1
"lay",1
"ugos",1
"portege",1
"semiobscure",1
"gprs",1
"careless",1
"loosu",1
"freaking",1
"logged",1
"myspace",1
"method",1
"partners",1
"jewelry",1
"bbdeluxe",1
"breaker",1
"deluxe",1
"features",1
"graphics",1
"fumbling",1
"nails",1
"weekdays",1
"nobodys",1
"asia",1
"stil",1
"tobed",1
"asthma",1
"attack",1
"spin",1
"haiyoh",1
"auntys",1
"prsn",1
"saves",1
"audiitions",1
"relocate",1
"pocked",1
"motivating",1
"brison",1
"bullshit",1
"caps",1
"spelled",1
"motherfucker",1
"ig",1
"kit",1
"oja",1
"strip",1
"abuse",1
"anonymous",1
"masked",1
"thesmszone",1
"avenue",1
"magazine",1
"parish",1
"woodland",1
"billy",1
"awww",1
"useless",1
"ed",1
"loo",1
"glands",1
"swollen",1
"bcaz",1
"evone",1
"hates",1
"stu",1
"truble",1
"gays",1
"view",1
"dual",1
"hostile",1
"breezy",1
"haircut",1
"apple",1
"diseases",1
"leaf",1
"lemon",1
"litres",1
"problms",1
"snd",1
"tulsi",1
"watr",1
"lavender",1
"inmind",1
"manky",1
"recreation",1
"scouse",1
"travelling",1
"fridays",1
"judgemental",1
"waheeda",1
"bot",1
"notes",1
"eventually",1
"hits",1
"tolerance",1
"hellogorgeous",1
"hopeu",1
"jaz",1
"nitw",1
"texd",1
"ward",1
"emily",1
"exorcism",1
"emotion",1
"othrwise",1
"prayrs",1
"parantella",1
"sandiago",1
"ujhhhhhhh",1
"hugging",1
"mango",1
"sweater",1
"involved",1
"barry",1
"bob",1
"landmark",1
"consent",1
"billing",1
"clubzed",1
"renewed",1
"tonexs",1
"anderson",1
"edwards",1
"mathews",1
"tait",1
"haunt",1
"promoting",1
"crowd",1
"snowboarding",1
"christmassy",1
"recpt",1
"baaaaaaaabe",1
"ignoring",1
"completes",1
"education",1
"lautech",1
"sagamu",1
"shola",1
"vital",1
"zealand",1
"qet",1
"browser",1
"surf",1
"subscribers",1
"conversations",1
"overemphasise",1
"senses",1
"\adp\",1
"headset",1
"extract",1
"internal",1
"immed",1
"bevies",1
"comfey",1
"fancied",1
"othrs",1
"skint",1
"spoon",1
"watchng",1
"waz",1
"quitting",1
"wudnt",1
"ima",1
"frequently",1
"cupboard",1
"route",1
"mro",1
"floppy",1
"snappy",1
"risk",1
"grasp",1
"flavour",1
"laready",1
"denying",1
"dom",1
"ffffuuuuuuu",1
"\julianaland\",1
"oblivious",1
"dehydrated",1
"\usf",1
"dogwood",1
"drive\",1
"mapquest",1
"archive",1
"\go",1
"mgs",1
"stop\",1
"behalf",1
"lengths",1
"stunning",1
"gucci",1
"visa",1
"shits",1
"culdnt",1
"sozi",1
"talkbut",1
"wannatell",1
"wenwecan",1
"smsing",1
"efficient",1
"erutupalam",1
"thandiyachu",1
"invention",1
"lyrics",1
"definitly",1
"nevr",1
"somone",1
"undrstnd",1
"unrecognized",1
"valuing",1
"ger",1
"syd",1
"toking",1
"dhorte",1
"khelate",1
"kintu",1
"lage",1
"opponenter",1
"fried",1
"looovvve",1
"spares",1
"canceled",1
"tmw",1
"warwick",1
"tops",1
"grandma",1
"parade",1
"norcorp",1
"proze",1
"posting",1
"cfca",1
"grumble",1
"algebra",1
"linear",1
"decorating",1
"wining",1
"graduated",1
"roomate",1
"adjustable",1
"allows",1
"cooperative",1
"mph",1
"nottingham",1
"mornin",1
"thanku",1
"guessed",1
"ea",1
"hubbys",1
"otbox",1
"strings",1
"beside",1
"brisk",1
"walks",1
"dirtiest",1
"sexiest",1
"tellmiss",1
"contribute",1
"greatly",1
"partys",1
"coach",1
"duvet",1
"predictive",1
"smells",1
"urgh",1
"utxt",1
"beverage",1
"pist",1
"surrender",1
"\symptoms\",1
"rdy",1
"backwards",1
"abstract",1
"africa",1
"avin",1
"chit",1
"logon",1
"zf",1
"\cha",1
"quiteamuzing",1
"scool",1
"\urgent",1
"ppmmobilesvary",1
"rows",1
"engagement",1
"fixd",1
"njan",1
"sudn",1
"vilikkam",1
"chapter",1
"maths",1
"chop",1
"noooooooo",1
"firsg",1
"split",1
"applyed",1
"heat",1
"sumfing",1
"hiphop",1
"oxygen",1
"resort",1
"roller",1
"australia",1
"canname",1
"mquiz",1
"recorder",1
"showr",1
"upon",1
"ceiling",1
"\jeevithathile",1
"bcz",1
"ennal",1
"irulinae",1
"islove",1
"mns",1
"neekunna",1
"prakasam",1
"prakasamanu",1
"presnts",1
"sneham\",1
"blowing",1
"firmware",1
"vijaykanth",1
"anythiing",1
"clubmoby",1
"ripped",1
"keypad",1
"btwn",1
"\drink\",1
"decades",1
"expects",1
"goverment",1
"spice",1
"ettans",1
"prasanth",1
"appy",1
"contains",1
"fizz",1
"genus",1
"robinson",1
"outs",1
"imat",1
"soz",1
"idiot\",1
"sometext",1
"chloe",1
"iriver",1
"wewa",1
"bw",1
"surly",1
"contented",1
"mmmmmmm",1
"snuggles",1
"whispers",1
"healthy",1
"barrel",1
"misfits",1
"scraped",1
"clearer",1
"sections",1
"peach",1
"tasts",1
"activ",1
"golf",1
"rayman",1
"termsapply",1
"shindig",1
"therell",1
"phonebook",1
"ashes",1
"rocking",1
"xins",1
"shijutta",1
"offense",1
"dvg",1
"vinobanagar",1
"ovulate",1
"\woah\",1
"oh\",1
"realising",1
"\thinking",1
"orh",1
"hides",1
"secrets",1
"akon",1
"axel",1
"eyed",1
"canteen",1
"adds",1
"stressfull",1
"continued",1
"president",1
"pleasured",1
"assistance",1
"providing",1
"built",1
"lonlines",1
"lotz",1
"memories",1
"watever",1
"gailxx",1
"complacent",1
"mina",1
"miwa",1
"opposite",1
"heavily",1
"dolls",1
"patrick",1
"swayze",1
"santacalling",1
"quarter",1
"fired",1
"aa",1
"limping",1
"oga",1
"brb",1
"kill",1
"poorly",1
"punishment",1
"predicte",1
"loosing",1
"situations",1
"capacity",1
"smaller",1
"fgkslpo",1
"fgkslpopw",1
"netun",1
"shsex",1
"videos",1
"admission",1
"defer",1
"\checkmate\",1
"chess",1
"maat\",1
"persian",1
"phrase",1
"shah",1
"rats",1
"themes",1
"photoshop",1
"manageable",1
"ashley",1
"increase",1
"carolina",1
"gre",1
"north",1
"texas",1
"bomb",1
"breathing",1
"\response\",1
"powerful",1
"weapon",1
"lovly",1
"customercare",1
"clas",1
"lit",1
"\sleep",1
"couch\",1
"loooooool",1
"swashbuckling",1
"cruel",1
"decent",1
"joker",1
"terror",1
"dips",1
"gek",1
"hmmross",1
"lyricalladie",1
"characters",1
"differences",1
"happiest",1
"lists",1
"tylers",1
"abdomen",1
"antibiotic",1
"gynae",1
"exposed",1
"beatings",1
"chastity",1
"device",1
"uses",1
"gut",1
"wrenching",1
"tallahassee",1
"ou",1
"taka",1
"nr",1
"zs",1
"fold",1
"ritten",1
"colin",1
"farrell",1
"mre",1
"swat",1
"solihull",1
"inconvenience",1
"nhs",1
"terminated",1
"dentists",1
"bergkamp",1
"margin",1
"yards",1
"childs",1
"itsnot",1
"nonetheless",1
"unintentional",1
"grazed",1
"hooch",1
"splat",1
"toaday",1
"deny",1
"hearin",1
"yah",1
"torture",1
"hopeing",1
"sisters",1
"sexychat",1
"lips",1
"congratulation",1
"court",1
"chapel",1
"frontierville",1
"deer",1
"mountain",1
"mailed",1
"varma",1
"secure",1
"parties",1
"farting",1
"ortxt",1
"advisors",1
"dialling",1
"trained",1
"stuffing",1
"ahhhh",1
"etlp",1
"vouch",1
"kaila",1
"asian",1
"disaster",1
"fund",1
"tsunami",1
"unicefs",1
"hos",1
"collapsed",1
"cumming",1
"barmed",1
"jade",1
"paul",1
"dangerous",1
"thinkthis",1
"rushing",1
"coulda",1
"phony",1
"okday",1
"baller",1
"hmph",1
"punto",1
"ayo",1
"travelled",1
"freeentry",1
"xt",1
"camry",1
"landing",1
"mileage",1
"olayiwolas",1
"toyota",1
"clover",1
"achan",1
"amma",1
"mountains",1
"rencontre",1
"te",1
"noise",1
"puppy",1
"meg",1
"crossing",1
"darkest",1
"deepest",1
"inconvenient",1
"adsense",1
"approved",1
"dudette",1
"perumbavoor",1
"stage",1
"clarify",1
"preponed",1
"younger",1
"liver",1
"opener",1
"guides",1
"watched",1
"loneliness",1
"skyving",1
"mtnl",1
"mumbai",1
"onwords",1
"accommodationvouchers",1
"mustprovide",1
"rajitha",1
"ranju",1
"styles",1
"perweeksub",1
"disagreeable",1
"afterwards",1
"\keep",1
"aletter",1
"feellikw",1
"fuckinnice",1
"gotmarried",1
"justfound",1
"ourbacks",1
"thatmum",1
"thnov",1
"uawake",1
"astronomer",1
"dormitory",1
"election",1
"eleven",1
"hitler",1
"rearrange",1
"recount",1
"starer",1
"worms",1
"dysentry",1
"suffering",1
"andre",1
"virgils",1
"gokila",1
"diamond",1
"dino",1
"exchanged",1
"shanil",1
"uncut",1
"kotees",1
"animation",1
"badass",1
"hoody",1
"panther",1
"sugababes",1
"zebra",1
"customersqueries",1
"queries",1
"resent",1
"andres",1
"hassling",1
"haughaighgtujhyguj",1
"blacko",1
"fassyole",1
"londn",1
"responsibilities",1
"vco",1
"humanities",1
"reassurance",1
"albi",1
"aslamalaikkum",1
"beeen",1
"mahfuuz",1
"mufti",1
"muht",1
"tohar",1
"\not",1
"enufcredeit",1
"ileave",1
"tocall",1
"treats",1
"okors",1
"ibored",1
"adding",1
"savings",1
"zeros",1
"goigng",1
"perfume",1
"sday",1
"grocers",1
"bennys",1
"frankie",1
"pubs",1
"changing",1
"diapers",1
"owed",1
"patients",1
"turkeys",1
"unlike",1
"helens",1
"princes",1
"unintentionally",1
"wenever",1
"colourful",1
"stability",1
"tranquility",1
"vibrant",1
"bawling",1
"failing",1
"failure",1
"facilities",1
"sirs",1
"velusamy",1
"karnan",1
"bluray",1
"salt",1
"wounds",1
"geoenvironmental",1
"implications",1
"logging",1
"fuuuuck",1
"salmon",1
"uploaded",1
"wrkin",1
"ree",1
"compensation",1
"awkward",1
"splash",1
"leg",1
"musta",1
"overdid",1
"telediscount",1
"chuck",1
"foned",1
"port",1
"stuffs",1
"boatin",1
"docks",1
"juswoke",1
"spinout",1
"assessment",1
"qbank",1
"uworld",1
"someonone",1
"tke",1
"temales",1
"finishd",1
"dull",1
"anyones",1
"studies",1
"craigslist",1
"treadmill",1
"absolutely",1
"swan",1
"\er",1
"lamp",1
"foward",1
"misundrstud",1
"genes",1
"reapply",1
"resuming",1
"treacle",1
"treatin",1
"adress",1
"beendropping",1
"mumhas",1
"theplace",1
"oyster",1
"rumbling",1
"sashimi",1
"marandratha",1
"correctly",1
"alaikkum",1
"heaven",1
"aquarius",1
"pisces",1
"steyn",1
"wicket",1
"resolved",1
"sterm",1
"chex",1
"hannaford",1
"jam",1
"wheat",1
"grownup",1
"costume",1
"jerk",1
"stink",1
"follows",1
"subsequent",1
"openings",1
"upcharge",1
"guai",1
"astrology",1
"ryans",1
"slacking",1
"mentor",1
"ecstacy",1
"erotic",1
"dept",1
"coincidence",1
"helping",1
"sane",1
"leading",1
"pause",1
"psp",1
"spacebucks",1
"weathers",1
"squeezed",1
"maintaining",1
"dreading",1
"thou",1
"forgt",1
"helps",1
"suggestion",1
"ajith",1
"ooooooh",1
"yoville",1
"asda",1
"counts",1
"officer",1
"bffs",1
"carly",1
"seperated",1
"ud",1
"brolly",1
"franxx",1
"feed",1
"mls",1
"prometazine",1
"syrup",1
"singapore",1
"victoria",1
"morrowxxxx",1
"pocay",1
"wocay",1
"broth",1
"ramen",1
"fowler",1
"tats",1
"flew",1
"attention",1
"tix",1
"biolas",1
"fne",1
"youdoing",1
"foregate",1
"shrub",1
"worc",1
"efreefone",1
"legitimat",1
"pendent",1
"cops",1
"stolen",1
"toilet",1
"choosing",1
"guidance",1
"hu",1
"navigate",1
"require",1
"boobs",1
"chick",1
"revealing",1
"\for",1
"breaks",1
"org",1
"shortbreaks",1
"sparkling",1
"uk\",1
"belong",1
"gyno",1
"gamb",1
"treasure",1
"hmmmm",1
"mummys",1
"negative",1
"positive",1
"command",1
"stressful",1
"holby",1
"lecturer",1
"li",1
"repeating",1
"motor",1
"yeovil",1
"bong",1
"rhode",1
"ofcourse",1
"planettalkinstant",1
"marvel",1
"ultimate",1
"tamilnadu",1
"tip",1
"identification",1
"boundaries",1
"endless",1
"limit",1
"reassuring",1
"young",1
"meis",1
"referin",1
"colany",1
"saibaba",1
"chic",1
"declare",1
"disappointment",1
"irritation",1
"tantrums",1
"compliments",1
"adventuring",1
"chief",1
"gsex",1
"bailiff",1
"chatlines",1
"inclu",1
"servs",1
"desk",1
"mouse",1
"childporn",1
"belt",1
"cribbs",1
"hat",1
"jumpers",1
"spiritual",1
"barring",1
"influx",1
"sudden",1
"kane",1
"shud",1
"pshew",1
"accent",1
"dental",1
"nmde",1
"units",1
"dump",1
"heap",1
"lowes",1
"salesman",1
"pity",1
"suggestions",1
"bitching",1
